t_s,scenario,N_rpm,MAP_Pa,MAP_commanded_Pa,altitude_m,fuel_flow_kg_s_per_cyl_1,fuel_flow_kg_s_per_cyl_2,fuel_flow_kg_s_per_cyl_3,fuel_flow_kg_s_per_cyl_4,EGT_K_1,EGT_K_2,EGT_K_3,EGT_K_4,CHT_K_1,CHT_K_2,CHT_K_3,CHT_K_4,p_oil_Pa,T_oil_K
0.0,endurance,5000.170963836266,120679.87377015498,120000.0,5500.0,0.0012560756886113825,0.0012345460991810585,0.00123718095014621,0.0012343341929360293,964.4121353478794,963.1605537546443,964.7664538652485,959.5780330347873,431.2226742349753,429.5596933001201,430.3365039135499,429.51955912629893,478104.50716462574,290.3631101585976
1.0,endurance,5004.122567637651,119898.73506465327,120000.0,5500.0,0.001238982498744687,0.0012493870752946419,0.0012300785204763481,0.0012220867317858876,964.0626463582346,961.9315509853598,959.4320014524994,961.6445753048448,429.188527901383,428.4629229828435,428.1636615762127,429.69276328722054,546835.9433819287,289.6668679220395
2.0,endurance,4996.282019852456,120192.49690437395,120000.0,5500.0,0.0012497784135492127,0.0012371556227339772,0.0012476370545391794,0.001253819205834023,962.8587697603189,961.6456515487723,963.9679838297665,963.7677741146612,430.75493822869015,428.3715446814704,428.9945125299202,428.81795849956006,533679.6228671257,290.026434555197
3.0,endurance,5002.639021062478,119630.6049842621,120000.0,5500.0,0.0012580725845175859,0.001251077470887555,0.0012486633685627328,0.001245863085903025,965.1840217616327,960.6087229536492,964.5005419492352,964.4782362998023,427.88840688313275,430.0031555623301,429.4057041135658,430.43764815633745,540154.3861601016,289.88175914235086
4.0,endurance,5001.714257586588,119561.8691556279,120000.0,5500.0,0.0012483062458636225,0.0012395759238933474,0.0012469894998654476,0.0012344030205725764,965.4450857192905,964.4830865895944,962.9166325832969,964.5365969469227,430.91588062163436,431.44730097377374,428.08254908983554,430.5392572718983,544675.0396408569,289.80613921981364
5.0,endurance,4994.966675325115,120628.59430673657,120000.0,5500.0,0.001225221755324868,0.0012479134931806597,0.00125703298804019,0.0012210284389190154,962.6676469517689,960.6542489977029,963.7607908488073,966.3014328940848,431.67968148944794,427.8780110173922,429.0811764545547,430.35967055360663,550246.5603587561,290.32121064427827
6.0,endurance,4996.269240012047,120148.56575481872,120000.0,5500.0,0.0012406721653431152,0.0012383502148220241,0.0012317644962781945,0.0012456838120389843,963.8884418854672,963.0867143775828,962.8293067533342,960.7028494916561,429.1699497931343,430.8625751316224,429.4655672034097,428.2164281434376,549021.9111330465,290.4302654084829
7.0,endurance,5010.540435143126,120031.25608469587,120000.0,5500.0,0.001235153167883027,0.0012229148791939397,0.0012573056136615077,0.0012727629024948505,961.6308127582878,961.9785073522871,964.4650602300802,961.6119917619087,429.38556709328356,429.3062877608337,429.8480843475678,430.75094390367644,542460.0350468595,290.8189100957801
8.0,endurance,4997.900555519997,120163.8992678617,120000.0,5500.0,0.0012143456101593357,0.0012228862971981262,0.0012507547069530163,0.0012335553530586092,964.4325124796808,964.3573711423647,965.9172403492091,964.8964007520879,430.67311681044237,429.54445412961155,428.95784028371287,428.9245666825501,539909.4773968463,288.7701708859869
9.0,endurance,4997.262782089399,119953.71547424576,120000.0,5500.0,0.0012440005878174942,0.001236673166838881,0.0012170078244470928,0.0012399814458549216,963.7233742067899,965.4416338220232,964.4284104239672,961.9855612604445,428.93234890015106,431.6667229826515,430.41276341429295,431.48756528301357,552996.9197543883,289.0819163333946
10.0,endurance,5001.926346511387,120229.08350241852,120000.0,5500.0,0.0012478224965694975,0.001247602737021873,0.00124338564174083,0.0012430391215781298,960.2676827505467,962.941880266367,961.7774432307004,963.5248572439483,429.1885792002122,430.27464621143866,430.4752011699557,429.9648178252843,543930.5378198694,289.99294668494997
11.0,endurance,4997.761010535189,119917.74936788362,120000.0,5500.0,0.0012347280245290078,0.0012456928379179118,0.0012410535196941365,0.001248091506279698,960.6153860095393,965.0482404895453,961.747290159034,961.804118260195,429.458682475414,429.0927408725405,429.94725065577404,429.0819606838107,537002.3093456953,289.054197191621
12.0,endurance,5006.559916626337,120022.12916431864,120000.0,5500.0,0.0012263907584208087,0.0012409823428022031,0.0012215709866055986,0.0012630847340986847,960.2237263121535,964.2301880420266,964.3599339613639,960.3726671250545,429.95640197869403,430.6532975004415,430.1237007460376,429.9171417343591,547095.1805055949,290.06090454888863
13.0,endurance,5001.682126440385,119936.64422675803,120000.0,5500.0,0.0012487183301338025,0.001229196956972118,0.0012507032085912909,0.0012346082118824078,961.0913758866138,964.0031805442794,966.6585937357828,965.1960390559169,429.1404756326731,430.3541851322744,429.20191634055436,429.53210600413945,542797.3395643753,287.58278178309934
14.0,endurance,5000.958073830812,119485.195405591,120000.0,5500.0,0.001232224520734123,0.0012225829974343164,0.0012220597462246827,0.001229173625312968,964.9238772233326,966.6047653276627,963.2222724256965,965.4562644998621,429.39214481339707,427.744152635483,429.80604207629716,430.1017737234183,540206.6143245021,290.2022242342129
15.0,endurance,5002.862781238046,119568.29621618315,120000.0,5500.0,0.0012225526742523692,0.0012381328942931672,0.001238259384783779,0.0012365022678084263,965.2471761383382,966.7238602115543,962.4393885967679,964.670456039061,430.5970565732027,430.36928188069913,430.70361174740543,429.26688149024307,546048.7288958565,291.9244819358595
16.0,endurance,5004.0183277969,119690.05316554153,120000.0,5500.0,0.0012484193624235985,0.0012565429936486074,0.0012454570605042999,0.0012338872719323208,966.3588437987786,960.7731485396097,964.2795327260474,963.2403314838012,428.46245973509826,430.87557514385867,430.0040130539771,428.4893272831767,545358.3388810991,289.46839957108864
17.0,endurance,4990.4860574891645,119655.54743730002,120000.0,5500.0,0.001244148742373622,0.001248766689153278,0.0012429328485447748,0.001241438832280982,964.2126626470221,962.850730428805,965.6265918406201,963.5699659291623,429.95004701274945,430.1969244518215,428.59895661997126,428.946898583926,549992.5926684891,290.23530869036097
18.0,endurance,4998.586919606924,120170.74176440574,120000.0,5500.0,0.0012349020431830762,0.001244335058292418,0.0012326157393938283,0.001244303447271665,960.1172775280975,965.9345222200668,962.2467668873416,960.1102002387452,429.4322837656887,429.28512926555754,429.8085238788762,428.5108748514276,544337.0250972413,293.52356768836796
19.0,endurance,4993.606661396284,120168.85778784964,120000.0,5500.0,0.001237022746309789,0.001243268424123156,0.001218396042608561,0.0012265957626610008,964.1920017031408,963.195846593945,966.5431589939175,961.8630878481928,429.83062498743215,432.5692469128136,428.8905640238578,428.7522919667998,542174.0466738145,289.85543732116435
20.0,endurance,5004.220836400613,120064.78793639879,120000.0,5500.0,0.0012314881748266672,0.0012435018737660113,0.001273620166303177,0.0012566595541000445,957.7083443974891,962.9886488055469,961.5225015888336,964.5172076615459,429.48286197965166,431.58882120827093,430.58736102389463,430.54652835273504,543282.5523984227,289.8597023466925
21.0,endurance,5001.700899644373,120647.63989570939,120000.0,5500.0,0.0012475095165861846,0.0012365212612888965,0.001256700639390287,0.0012432622454700332,963.1174525057922,961.6899289554115,962.1406980798032,962.0005890732816,426.8637683005219,430.6729716606739,430.2226030297036,429.4418548686966,547579.6157903359,290.33798777953336
22.0,endurance,5001.857837394848,118762.61822521067,120000.0,5500.0,0.0012379869452262317,0.001247482209269051,0.0012608526454495248,0.001263714210904111,966.1243591241761,960.9494635956365,958.8773398985611,964.4136217821493,429.68374129562636,430.6186787146282,429.5302410966717,429.87588042379923,534849.7520330067,290.34800965515893
23.0,endurance,4997.775507735629,120174.99267885213,120000.0,5500.0,0.001246579059110129,0.0012394238051531424,0.0012448095060783211,0.001240709542715251,964.7910816349926,964.2761685296274,962.1782498946611,962.0968788705303,431.39986423826633,429.5545299649596,430.64793322284123,430.0495111905595,539529.1346458093,289.1510262030456
24.0,endurance,5000.6006284474715,120128.3272103567,120000.0,5500.0,0.001248501896043776,0.0012251572863063462,0.0012334990930794815,0.0012397012151995526,966.4741815530307,958.5523254914833,964.1509059289514,962.1925909155086,430.0875028031189,429.1641465539955,430.0206765238451,431.22076350096233,544120.6796155755,290.3333999424778
25.0,endurance,5001.864289442175,119624.84323974841,120000.0,5500.0,0.0012476165805909965,0.0012382930619445592,0.0012308060102222706,0.0012404000565306517,962.8181056858397,964.779642223384,963.1870041827405,962.2137985177471,431.1120970359974,430.64451322295565,430.92585489821005,430.2637928222903,541801.2021261167,289.48090659610165
26.0,endurance,4998.603300024739,120473.84530490616,120000.0,5500.0,0.0012422669730381855,0.0012224781092891738,0.00124039341942573,0.00122330625835021,963.6044143008602,960.8650433643123,960.744810376307,963.5098415405789,429.57791113446706,427.9943637604861,430.4043491783471,431.81922214876,534942.8183768346,291.7198497187779
27.0,endurance,4996.561052878859,119752.95469041761,120000.0,5500.0,0.0012386586165505358,0.0012229442567181833,0.001256998978271574,0.0012469921181778915,961.7697742291092,962.7185283234921,960.2399637568033,962.5771671523563,430.5923386117157,427.9408356881327,429.21988513132453,429.80291719592356,547590.8938275295,291.24933055274056
28.0,endurance,4997.7137352208165,119629.84656171208,120000.0,5500.0,0.0012464673014773318,0.001236370839205104,0.0012370314260091355,0.0012542821552545887,966.652158373406,963.8044177750041,962.8882530832734,964.4152065626881,427.7686096308464,429.6378763969247,428.59554861482115,432.04555329891593,545950.6967356786,290.0413698477484
29.0,endurance,4999.02817685372,118742.52197972109,120000.0,5500.0,0.0012497234267172166,0.001261096876577963,0.0012318346208159258,0.0012493586083044787,964.717768945855,960.1764273004599,965.1441633271002,965.9822447841505,429.8846055785873,429.5929434655704,430.4440889506697,428.1153714849011,542816.1006125868,290.95434195721504
30.0,endurance,4993.787823342483,120496.28560457662,120000.0,5500.0,0.0012356886679607032,0.001215057857428048,0.0012395661859052924,0.0012288183344206147,963.9112019138012,960.9284003310661,965.3732344500806,961.7950219889982,430.01248295543513,429.0621455168434,429.3332201481176,430.84788550492505,543426.0893294393,289.5049679088043
31.0,endurance,4993.7424599272135,120579.97563695053,120000.0,5500.0,0.0012499716848514925,0.0012368264800456821,0.0012438975833098114,0.0012281025840719622,961.2429928623301,961.6203072157797,963.9795370686854,963.8643744209324,428.91082252940305,430.3939000565712,430.44081900117754,429.8290336245706,547541.6399370666,289.6126375493923
32.0,endurance,4999.43489432359,120236.42933746331,120000.0,5500.0,0.001240455944662564,0.0012507297130039117,0.001225334301260669,0.0012585703999259705,961.7101396602282,962.9432869327816,960.5175972345622,964.4731272724133,430.92997683347227,430.72717238889453,430.48950043253797,428.09898219031845,538438.8568268985,289.4374370087598
33.0,endurance,4995.326328664005,120561.34761547933,120000.0,5500.0,0.001243167615387608,0.0012405746496337462,0.0012469281149569366,0.0012290699544265952,961.4559811762011,961.5097586526698,964.2679245306682,963.9558753909386,430.23421792804794,430.73450857780534,428.29882460123684,429.09563107403517,543087.3875676534,288.5512568928219
34.0,endurance,4997.339123858335,120507.01445145188,120000.0,5500.0,0.0012545608621321825,0.001254239012561901,0.001241412186587136,0.0012382481300568337,965.4317320130867,962.5273906398493,963.9491606130861,965.9232404809686,429.28855465990887,429.04557315934346,429.64675418695043,430.25450463907805,544761.7421774636,290.0558577732106
35.0,endurance,5002.782100676702,119200.20062803867,120000.0,5500.0,0.0012302159434103117,0.0012429038269963365,0.001229354829267946,0.0012242298412052204,960.8570429239468,961.4363547862852,962.9157328510868,961.2274310007522,429.89102429877676,431.3523496029416,429.5084991511336,430.9308243710268,543791.8558077345,288.78017650064317
36.0,endurance,4998.717952125057,119509.0826292372,120000.0,5500.0,0.0012504075336445106,0.0012265698776146503,0.0012572899082466155,0.0012480529986461514,959.2280624319727,964.8413654619417,966.378715357015,961.6916352095062,430.6413776731654,427.8577437285745,429.90828207192175,427.99473609858893,544761.6520465317,288.11203724991736
37.0,endurance,4986.835648962957,120198.04658429248,120000.0,5500.0,0.0012692683191260128,0.001233486854380113,0.0012511797342811635,0.0012422521794864276,962.6256731534861,964.5034512029436,966.5574933912491,960.8024266583576,430.2200224042928,430.0012608902093,428.2317797896156,431.27083632750816,552096.490652609,288.9472280113161
38.0,endurance,5008.689502476659,120028.07305906949,120000.0,5500.0,0.0012388526760587781,0.0012595343624742818,0.001243700554567332,0.0012448886093985097,966.3080325820081,965.8491224717314,965.058981468568,960.4715828648543,428.083735119031,430.7822666969663,428.7294059346327,429.80460900585757,536979.3371230192,289.71631347127186
39.0,endurance,4993.606524368756,120815.08702595453,120000.0,5500.0,0.001228234925267036,0.001239364588913133,0.0012385430627202489,0.0012558445962884987,960.4328875205385,963.2059985678931,962.8542140975779,964.3325337151664,430.12814223945674,429.19237892633424,429.89571145140104,429.2814942780337,544690.2732852495,289.79741983417534
40.0,endurance,4996.722154531361,119986.22148869219,120000.0,5500.0,0.0012453925059766335,0.001268995236945851,0.001234782799290072,0.0012446836430676112,966.1987560759678,959.1163452807201,959.7866062374661,960.8953639325039,429.5418889174408,432.0961022417688,430.04749243267105,430.864200801956,541239.5003448077,287.4362762357009
41.0,endurance,4988.431808202797,120509.30961783644,120000.0,5500.0,0.0012431722715303029,0.0012247655938564385,0.0012547429803,0.0012217818297021589,965.5411668791412,966.1753643320675,961.7430358816229,961.0564485566044,430.5004525109075,428.5608368816451,430.51801191747336,428.4608866823121,546387.5898996107,289.99386694355337
42.0,endurance,4997.836108116691,119552.15765868785,120000.0,5500.0,0.0012438264033944148,0.0012173927726325403,0.0012374540096406108,0.0012359625979418596,964.6294024883134,960.7650419223852,966.6995589099264,962.6495210871742,428.51795793800926,431.0422042097795,431.3190564975167,429.4683534603018,537894.3329017088,289.91605296864594
43.0,endurance,4996.547941325793,119843.98323011238,120000.0,5500.0,0.0012602166030018763,0.001245741404075075,0.0012426825499606288,0.0012451719799842127,963.1565030201305,964.9558183571756,965.0312628945259,962.533249190424,429.7612138523176,432.0697331390874,430.07772460644816,429.47027207688757,552598.1558622653,289.9094325538384
44.0,endurance,4994.513490378118,120337.29042991197,120000.0,5500.0,0.0012297126411832406,0.0012347084626871034,0.0012449276906146551,0.0012393053660412078,961.7457094179055,962.1707694576183,962.0859306273816,965.6050555416213,428.935125249403,429.0839063995708,431.69447983023883,429.1023611334917,549796.7856408916,291.21573220255596
45.0,endurance,4999.236241895347,119290.30433292227,120000.0,5500.0,0.0012464997438701667,0.0012492254699476685,0.001252887666082284,0.0012417705094753758,965.6817976033052,966.0533998468409,961.1639185510259,966.131659246807,429.83066781443654,429.0903814043029,429.337497732182,431.5336976017945,547269.8469863337,288.1109540404755
46.0,endurance,5000.41728754537,119930.0750257104,120000.0,5500.0,0.0012386995649043004,0.0012345107571037973,0.0012228074591343258,0.0012515703474865838,961.3933031525429,962.5326004143835,962.0679120612413,961.8170348769877,430.3993621358363,430.0398996187401,428.9819638265983,428.7113147687678,540002.6250440787,290.8670241777817
47.0,endurance,5000.6296068783395,120116.54184602623,120000.0,5500.0,0.0012368062773776608,0.0012376784070911994,0.0012435654337243367,0.0012180037268409373,966.4967988571992,961.6973955292199,962.136053862615,965.9496766741664,429.8785591855406,429.69820901446377,429.072806163175,428.09495606406415,543274.4238741675,291.09526138872474
48.0,endurance,4995.501723966462,120681.37743089431,120000.0,5500.0,0.001226891926322936,0.0012317702039816047,0.0012471558883284872,0.0012408791988210814,964.654458634972,961.7892064490761,961.2091593917,959.5385572304472,428.4524142106247,428.5800177056378,428.22915983975327,429.9645866356159,539030.2712711069,287.9117049380065
49.0,endurance,5012.417413209742,119582.57316936439,120000.0,5500.0,0.0012252990454955158,0.0012562626537094073,0.0012553400059414285,0.0012265916486356742,960.3247188577473,961.2725491320564,965.5316542196706,962.6501610981504,428.8474276019112,429.6277530475314,430.86031695517823,428.2665750883699,540430.6881955242,288.5165243800768
50.0,endurance,5010.86077748665,120909.1597671842,120000.0,5500.0,0.0012526811541048717,0.0012392230379824041,0.001249057349151114,0.0012147949580159625,963.8255361826834,960.6003522018757,960.6231370153855,961.8632308077713,429.3059087135871,430.2303447050997,430.3568042085953,429.91879803708997,537628.0141279682,290.57598678801367
51.0,endurance,4999.39526508888,120590.1144265797,120000.0,5500.0,0.0012294979134385535,0.0012065901264686474,0.0012349630079194359,0.0012675729532127668,964.2106573389067,962.8840242913869,965.0399552394015,964.2790475604664,430.11746676371746,429.1425798383585,429.7322964999695,429.8573174644683,539136.3882299049,288.78126983637964
52.0,endurance,5000.695113305205,120484.22506919796,120000.0,5500.0,0.0012489106488923693,0.0012470080505753108,0.0012471363245206777,0.0012729427207050098,963.7924500757562,965.3567588068648,967.1868825826807,963.3788088464289,429.92065550876396,430.70017197254873,431.3437887312153,429.9692307651473,544164.786197444,289.9908395763866
53.0,endurance,4993.972004043446,120558.83393257236,120000.0,5500.0,0.0012377451869393927,0.0012195507599130737,0.0012390898280730128,0.0012194480490995314,961.263290723433,963.3148506011898,961.4388310735976,965.423328079319,428.1919861551556,429.92525833862555,430.220393560747,431.1235971646655,546999.5559499171,290.1412044528302
54.0,endurance,5000.443367745498,119974.9840263606,120000.0,5500.0,0.0012551171627423867,0.0012328399980960528,0.0012474580055879983,0.0012398344758912784,963.7734797142859,962.7679098716983,967.5634320812953,961.9792163037625,429.91993393441925,429.9430132811201,430.2753622250516,430.1178786453217,544529.8688801673,290.8934980811485
55.0,endurance,4992.533672622805,120010.86711992498,120000.0,5500.0,0.0012257188069349624,0.0012439135255686686,0.001226352577480401,0.0012291171240840515,963.1761901388644,966.0903741228706,964.4526509840247,963.8913260149328,431.07227190582967,428.72386472999034,427.5771026002134,429.24542502467403,541024.8981096345,291.1480376621816
56.0,endurance,5010.762738873761,119341.83307901603,120000.0,5500.0,0.0012717875090313196,0.0012604602347911999,0.0012514541049864515,0.001245616162812123,968.1524544478234,963.4614324675026,962.3529767044989,963.5786396622079,428.3007936484599,430.1421094978853,429.5603118219217,430.00072456426756,544220.8732615204,288.8552090933068
57.0,endurance,5006.651608196027,119499.66456684194,120000.0,5500.0,0.0012520756098707026,0.0012212839798569793,0.0012456666571171665,0.0012308823179397546,963.3871718812997,961.9992539805428,958.9357324691962,961.0731451783037,429.7398542948735,430.29527028362656,428.2021892782904,427.54627821780826,538065.4516370661,289.70396075221765
58.0,endurance,4996.910912687042,119602.87721785066,120000.0,5500.0,0.0012516247366547559,0.0012530553310040288,0.001250274240806645,0.0012294307334531742,963.4560587230158,962.9162183274972,960.4486062050856,965.0684842027215,429.75948772333084,429.1866111069459,431.0890609229465,430.4353324452924,546706.5932287768,291.1153939464516
59.0,endurance,5003.665826275784,119374.98782441454,120000.0,5500.0,0.0012362418522928154,0.0012535140581410166,0.0012315236182326378,0.0012415219701942806,964.0976186411774,966.1850125443813,965.8993188266733,965.0983400255661,429.4839692179082,430.58513240516817,430.1981995424359,429.50814644150927,549206.6523018926,290.40810326763716
60.0,endurance,4996.286710762659,120639.707002772,120000.0,5500.0,0.0012378737213550584,0.0012484038432231312,0.0012221186995553593,0.0012407904360982015,487.4891789616895,961.3506312707145,959.4742987113103,967.5816442854745,420.69224085245173,429.9050058677435,430.77461726568674,429.5446221701205,544967.8502630034,288.5508792810343
61.0,endurance,5001.03084227206,119797.85551158826,120000.0,5500.0,0.0012472073624273342,0.0012432399870747123,0.001223798186055163,0.0012180110431806682,329.37369303865006,964.7644982110654,964.1400023148909,964.095786707099,410.43654579862823,426.9745949634275,429.0398389128139,429.33055049369494,539366.401258033,290.2610243650023
62.0,endurance,4999.174643067235,119409.87858467792,120000.0,5500.0,0.0012300263184992068,0.00124271636946847,0.0012418387827526766,0.0012400120611939093,283.27175874942526,962.7551224295842,963.5202512568026,961.2873438423976,404.1272920979594,430.18307489784917,430.2256235502897,429.50078668242037,544333.3857850576,289.95658234540383
63.0,endurance,4990.599021307573,118362.76248736933,120000.0,5500.0,0.0012695572179410586,0.001251189054071694,0.00124017402118251,0.001219311448296551,258.6252521049717,965.9845035838568,957.6963278392662,962.62402028237,397.78570387979545,429.7993565998438,430.41091825628837,429.5248761279105,554316.9550203903,288.8720040142966
64.0,endurance,4993.188864869865,120137.26617286923,120000.0,5500.0,0.0012586177466881146,0.0012401848391307866,0.0012538952644463755,0.0012342913443598184,252.95485307254557,966.0725238106619,966.4101086963082,966.3389405107088,389.29101440974233,428.500918210623,428.4867525272981,429.4314902654359,545261.8860536427,290.40917172510075
65.0,endurance,4992.827971437593,120097.58641056568,120000.0,5500.0,0.0012410984001526603,0.0012419967650992973,0.0012405843352684084,0.001238372804787212,254.56168426568985,963.5264017547381,963.7235042652421,961.8911709969029,383.296565817514,429.53497343619625,427.5409642535564,430.1397355413961,541028.1892677743,290.8262818985828
66.0,endurance,4999.189506169818,119952.12873850144,120000.0,5500.0,0.0012435052041086417,0.0012407312658167789,0.0012353325339509993,0.0012186269516020563,256.41042122164475,960.1151102367833,962.5896387526864,964.5789592333058,376.79375007288166,430.2233939311302,430.42531524196863,430.91949816192107,543836.1139070966,292.8066426225656
67.0,endurance,4994.932941019552,120113.68945200414,120000.0,5500.0,0.0012364006434854866,0.0012341138983748593,0.001244443000828661,0.0012589733827733025,251.08793104361138,961.8507711965904,964.7216603106683,964.3606708184186,372.208787739279,430.68400542711964,429.8857167518197,429.3267524244971,543426.0111065707,289.7247829758431
68.0,endurance,4993.174545074654,120004.11738285914,120000.0,5500.0,0.0012387053360732544,0.0012379928410236494,0.001235551189677293,0.0012618500956206903,253.82864843928212,965.1464081266226,962.0573401749872,961.2274395971671,364.11358006515445,429.90019724164546,429.310796530643,429.4678975041521,547156.7947465554,290.19922411623594
69.0,endurance,4995.079925338805,119786.00035853109,120000.0,5500.0,0.0012327191178950014,0.0012431236147818995,0.0012263942145353207,0.0012386603520621608,253.7973222027866,963.3301305581862,961.4449296955047,962.0398545201207,358.95897595219736,430.1392070076494,430.49319579836106,429.5109140339943,535763.4480990615,291.32499261506933
70.0,endurance,5001.489431525051,120203.03593988108,120000.0,5500.0,0.0012446694792304606,0.0012280043961384966,0.0012369162084705852,0.0012440706550912734,254.46926909169233,963.3930463315618,957.0327857092758,962.7899800906378,353.9035322282691,430.9500145890556,430.3674417109949,432.1463342261185,549471.40855265,291.2476638076138
71.0,endurance,5004.713936735998,119308.78235572443,120000.0,5500.0,0.0012513892559252488,0.001248317258272374,0.001234351114141712,0.0012481579525065272,253.2374699252624,962.3426434539914,963.0259000632171,962.7460929933698,348.76179774524485,429.23155007361925,430.201038632798,427.73853760298624,540940.055980028,288.21531256521746
72.0,endurance,4997.5855029724235,120258.46827910614,120000.0,5500.0,0.0012411465688260178,0.0012395055408300746,0.0012417320190750794,0.0012603539871194457,250.18794194457746,965.0481489605211,960.247489037464,962.3378007266042,343.92633461254223,428.8044451806499,429.8612628351346,430.38481787329886,536380.9841715349,289.8226281259764
73.0,endurance,4998.117168780971,119029.80812494588,120000.0,5500.0,0.0012385570266007907,0.0012309790256481805,0.0012574948042616378,0.001230013720814182,255.79909302248365,962.2057890145031,967.148970716029,964.3514605613703,339.6864313530854,430.46183949751924,430.5584331338985,431.059416876287,551013.2384679911,289.5532862839851
74.0,endurance,4993.749325796691,118664.12184266366,120000.0,5500.0,0.0012360730500894299,0.0012503121466696653,0.0012455734049476592,0.001242307707412615,251.69965656372887,961.9926976179358,962.7053338995424,964.0506346604328,333.1643325632907,430.38504730258364,428.19766694076117,429.4978750383301,539177.1054424108,289.5304700069636
75.0,endurance,4994.7612040021,119422.1394007962,120000.0,5500.0,0.0012379825032550076,0.0012273772293651295,0.0012713452855613332,0.0012356539084346476,251.07677766087792,962.1617823169274,961.1171596956397,958.3471298721486,330.5779595928557,429.95980364111415,428.145386786845,429.65461703095644,536265.3645025044,289.85704276335235
76.0,endurance,5001.759578650447,120239.01396324225,120000.0,5500.0,0.0012461844780579752,0.0012320447825271907,0.001251702572085474,0.0012352200303563528,253.0838926537619,964.6656231077909,962.6479092506587,960.6870493829838,327.5615285646303,428.53042712518686,428.75647680799165,428.5448637550696,546519.1362511255,289.72797903507967
77.0,endurance,4988.712305509771,120362.97484324386,120000.0,5500.0,0.0012664639765085268,0.0012631024445433436,0.0012337170901306862,0.0012417226662928098,253.39877806266637,965.0404329807237,963.3229138181051,961.0640143976568,324.01135776645117,430.2612282071539,428.31530116050567,429.2785293716599,543641.8219674224,289.8864629598418
78.0,endurance,5002.56749882554,120392.28334875756,120000.0,5500.0,0.0012474621449955676,0.0012393130948854362,0.0012239971227575796,0.0012483758371423447,255.17916504597983,967.2004991766408,963.1821900665017,963.1770648936841,321.195535172293,431.0826682756347,429.9842179314901,430.3561280867416,538477.9802892199,290.4709987234848
79.0,endurance,4995.80265103999,119920.6793336881,120000.0,5500.0,0.0012391819046083637,0.0012348909018253132,0.0012145012740602268,0.0012304519192462308,253.03844518603125,963.1228029438,962.4570830867798,964.1018409954338,317.1057630205549,430.4895048109018,428.83423899263585,429.6623595219787,540601.0283372008,289.0057794540829
80.0,endurance,4992.436044247007,119942.69804249596,120000.0,5500.0,0.0012298422025740054,0.001267394924546823,0.0012394484849702733,0.001237886235879434,251.5713713880672,966.9904906102564,961.3556255808008,962.9173218095331,312.48125600690963,429.5147634167322,429.60362717036315,430.73832636624303,535184.9704673359,289.86236717588287
81.0,endurance,5007.998420675346,119736.71082254144,120000.0,5500.0,0.0012384676975261113,0.001229663608192083,0.0012081799343118128,0.0012393713654347976,254.7176385798462,962.3033465409767,959.5458024890966,963.7717627599185,310.32433499853073,430.63964646388297,430.54971974423074,429.3690110408046,544264.380005645,288.08369239699624
82.0,endurance,5005.484311959248,120084.48541116445,120000.0,5500.0,0.0012541345245335772,0.0012538550989535861,0.001237101831522511,0.0012388131443693523,250.61645858211685,959.1059738605287,962.9747387865704,963.5459729043027,306.3042737539158,430.35093188794303,429.73759526653225,430.09274264603,538416.5153702485,288.1184863544523
83.0,endurance,5003.804601752722,120297.00260952495,120000.0,5500.0,0.0012393048692954387,0.0012354420212139648,0.001237229970047994,0.0012389682030372296,251.34835410378463,959.2167565722235,964.8072190095819,960.249169210128,304.3449044562874,429.3325143229468,429.9005103220233,428.0260524569983,548303.7425258111,290.53985020553415
84.0,endurance,5003.773519540232,120626.33657367706,120000.0,5500.0,0.001230799219426069,0.0012018079779053787,0.0012448523857738222,0.0012570197477600796,254.70321150253895,962.1817199940303,963.0712239128007,963.8272751906698,300.3025145485563,428.9816755927096,429.01287978213975,431.23332519195054,539063.7682180115,291.46575068150224
85.0,endurance,5000.045308215967,119159.75293179594,120000.0,5500.0,0.001268357329408535,0.0012287872070153988,0.0012485313085577258,0.0012620426497511436,251.3297062289302,960.8115317081166,965.3545240726418,963.403517276835,298.44271350253075,428.5749238089611,429.26646409720337,430.62014515117704,540914.4069412776,290.5545200654761
86.0,endurance,5008.263569376619,120634.71252463367,120000.0,5500.0,0.0012587169927261496,0.0012561648411941167,0.001220918524761983,0.0012560536312936855,253.05708110556944,963.0238869049788,961.1033844325751,960.0946672467052,296.2334284991613,429.6347614654485,428.4810375525682,428.8396506455388,539266.1541956657,290.56653864517756
87.0,endurance,4998.524100971606,119927.05286446214,120000.0,5500.0,0.0012573352881627385,0.0012368921547762793,0.0012483142572100568,0.0012277586111600965,253.05829268462887,963.5117121951952,963.6233673832927,962.3399319208769,294.10468797773916,429.3565962361813,429.1881513663035,430.6895008060384,546888.8690214317,288.6978787918591
88.0,endurance,5003.136615387733,119760.13422201436,120000.0,5500.0,0.0012465730327976326,0.0012349028466377514,0.0012226155444538503,0.001253489033114746,253.30459076723574,960.8213084115911,959.4898584486111,962.2042349512374,291.8546628567434,429.29221082292526,430.2764021652709,431.12521037840173,540565.6892367332,291.27735306031076
89.0,endurance,5005.821721557736,119782.79014163,120000.0,5500.0,0.001220192659299047,0.0012514704121720825,0.0012484528021000335,0.001270100098615106,255.26355062103832,964.8413960923301,966.6541279142839,961.1821399605897,291.2396648244149,429.3865726506862,431.4028146122483,430.2259393613077,527077.648168911,291.2762550612629
90.0,endurance,4995.498497346992,120392.41744913993,120000.0,5500.0,0.0012350413672305262,0.001244032955326197,0.0012488928411560772,0.0012434271275620612,250.5159993147868,966.0966407083232,964.0935192390268,963.267033293569,289.8691778165859,429.13577934940093,431.55771212343035,429.8971340641357,544260.4835916393,290.2641059519462
91.0,endurance,4995.522918297817,119421.62633258679,120000.0,5500.0,0.0012437961633778856,0.0012454779963102457,0.0012578112043214703,0.0012467112603280997,250.25938698588243,964.3635478865673,964.9659579631112,965.3174390930079,287.7020881728793,428.45384026097713,430.83682823814246,428.9434803027761,545314.9615999886,288.34624333834245
92.0,endurance,5003.919647569157,119617.08326851785,120000.0,5500.0,0.0012545473786697635,0.0012630046456533776,0.0012556255688583515,0.0012266156020479923,250.54835669653988,961.5674704798957,964.633558716579,963.9990991508554,285.81548930937095,429.98273865064164,430.2529252939347,430.3243308245755,550880.8612419828,289.86004398912354
93.0,endurance,5001.095980551852,119079.55815817189,120000.0,5500.0,0.0012246310059873596,0.0012324452693407702,0.0012263212214819379,0.0012437716262839972,254.50591339050976,962.4234164299809,962.3218174841716,962.2677697367347,284.15501204081073,429.11908124772503,430.09006670373134,429.96368208858274,544101.5128347982,290.66940769218513
94.0,endurance,5000.180431632989,120073.91258763427,120000.0,5500.0,0.0012627551108898233,0.0012403466772239304,0.0012508098269058462,0.0012415695875437358,251.4856307861389,962.3590651738486,961.6318816163055,963.2953840019442,281.8680084915162,429.23207622190205,430.87448049652994,429.5214474595143,548044.4240514267,290.1641766517055
95.0,endurance,5004.302323824377,119693.72574279459,120000.0,5500.0,0.001242682002042193,0.0012735561246499036,0.0012511149195504243,0.0012532944091507869,252.86012440243462,964.980430714956,960.9402670678747,961.561767697584,281.4311234305645,430.470970078073,429.24036845650744,429.46245336051146,540507.4714588883,289.70494498810575
96.0,endurance,4993.958232687051,119279.29549251297,120000.0,5500.0,0.0012397478311350469,0.0012191904943205337,0.0012286010597641367,0.0012325408634376576,250.2690904309941,963.7218683563225,962.3511139974441,963.0791985978265,278.58746595979113,428.895761181248,430.14903661001546,429.9987342669634,539916.2643670421,290.24125994296855
97.0,endurance,5000.820451439259,120067.46371430474,120000.0,5500.0,0.001260352216125877,0.0012355788273545807,0.0012457467732580232,0.001245762650607069,251.87460523987633,960.8841590769007,964.5938901044826,963.7339670490575,278.3094261400702,429.64610251870704,429.64302224488233,428.7265559322882,543626.5339320044,288.058977482894
98.0,endurance,4999.672682350849,119231.5292030035,120000.0,5500.0,0.0012359887563240233,0.0012492182910071347,0.001237110420353251,0.001234361768228796,253.33396423174293,962.638808441179,962.3597160610768,962.3872113587133,278.49702237882565,430.2693345234984,430.0851026502371,428.41333652005983,545177.9057875808,288.5526956038618
99.0,endurance,5002.120952038452,119414.08893284081,120000.0,5500.0,0.0012644005262926518,0.0012192712122404054,0.0012553168940917735,0.001250089258156928,248.7311615602913,962.6720398629714,966.041123040114,965.4238965647187,274.1226512705074,429.07517453661677,428.421309776864,428.5699582530531,538829.880785204,291.67887571983033
100.0,endurance,5000.3534376809175,119855.61856469873,120000.0,5500.0,0.0012359409651763798,0.0012483560172147279,0.0012486627086490682,0.001228681780438289,255.20639903903296,960.979019543457,962.5899776717833,964.0447774877747,276.35347779400587,429.24532315290145,429.87724862782215,430.8936260113251,545141.2759996401,290.9620877486976
101.0,endurance,5004.865781088322,120097.41440441686,120000.0,5500.0,0.001247897950209483,0.001251444216713142,0.0012397262463968866,0.0012599018471210809,248.29801450108738,961.3014425501682,966.030041508658,963.9966619404253,272.92127809360846,429.96935609516896,430.67798461794035,429.03261969530024,545866.4149688896,289.71346756632755
102.0,endurance,4999.1114704828005,119933.29219940204,120000.0,5500.0,0.001253874438927076,0.0012261923667418579,0.0012355258201617381,0.0012483065314599403,249.83469366808242,959.9838494364643,964.2832649053275,963.1486585267775,272.395967359256,429.73499335560473,428.62063506261245,432.5053006216247,537112.7293820676,289.4013644029044
103.0,endurance,4992.575846132706,119760.41626337939,120000.0,5500.0,0.00125903052986617,0.001240327261894007,0.0012474731045076333,0.001234094094639578,255.89938872914323,963.47376198112,960.6494385506173,964.6859648964528,271.2013288100589,430.1997387625182,429.7319381710889,429.8562333674524,542715.7033890832,288.9311368144657
104.0,endurance,4992.172067951314,120456.12321814698,120000.0,5500.0,0.0012384075603977223,0.001243632246933408,0.0012343313778426202,0.0012149813958957465,249.71839476737793,965.9352854227604,961.5738547861095,962.3787954253952,269.17884378100575,429.06380177985943,429.2186518749161,429.36932446760306,541653.711727838,289.20273349478543
105.0,endurance,4996.7978067836275,119959.93109202567,120000.0,5500.0,0.0012440564960266975,0.0012382852536129809,0.0012616687264381224,0.0012425912695153078,252.5870960901001,961.825003157588,965.1904945547121,961.0886831439233,268.14619076205685,428.61188044423477,430.2058840147598,428.44213506998125,548470.0012087678,289.8073294218719
106.0,endurance,4992.068434835311,119850.26757549646,120000.0,5500.0,0.0012621328692990358,0.0012293286468660495,0.0012237460134691435,0.001246354706567509,254.87013384732145,965.1626798410078,962.4728274064205,963.5049465108318,269.2528294677175,430.758609163209,431.73321112343166,429.4767859726858,548488.1080604786,289.48443724693755
107.0,endurance,5002.586995785891,119497.59903115514,120000.0,5500.0,0.0012305091797780278,0.0012451418543338783,0.0012288620069311632,0.0012509965944003945,251.15547993050524,963.284360416881,962.9623476211779,962.4626127189897,268.26666782503565,430.66372973160543,432.68971094239066,428.39765106397874,543492.2522377298,289.6528527198356
108.0,endurance,4995.075587543409,120107.36837277775,120000.0,5500.0,0.001229086632175199,0.0012390202658164508,0.0012553736501093183,0.0012149126974620387,252.75214255413727,964.0230000901219,961.2148089544273,964.1773056474452,267.7349590795464,429.23561941193486,430.79658802919124,428.2772124883431,545207.4093353045,289.5948701554627
109.0,endurance,4994.36023620301,119875.43028439149,120000.0,5500.0,0.001235656008899802,0.0012501503565159377,0.0012214359239890854,0.0012375741439599067,251.34533846694018,966.274895737111,960.8926897159718,965.2457151833228,264.91127256266543,429.9269419345908,429.4461664517152,429.9592904017217,538458.2073590566,287.8729434742005
110.0,endurance,4991.888987453645,120617.1897453201,120000.0,5500.0,0.001242543206626918,0.001229163121857328,0.0012510416075599189,0.001230620055352575,250.7574472832785,960.6805338239718,965.4598899458116,967.0285372484874,265.0119417787937,429.8593127135995,430.5469639912368,431.68391919779117,529918.0199228718,289.9519881925835
111.0,endurance,5002.777296232583,119214.883741871,120000.0,5500.0,0.001244807758316003,0.00124218702724884,0.001248707724838266,0.0012324972631524817,253.0487617665864,961.8747364235442,964.2965339747003,963.4005308179741,264.9446676064912,428.145758906556,431.20908888668964,430.6699895471667,546272.6770653443,289.1402329683123
112.0,endurance,4997.771231782099,120787.39374481858,120000.0,5500.0,0.0012489338397228638,0.0012291293400899512,0.0012402782784939426,0.0012414624297301788,251.81251131879785,961.1984560462345,965.5963492892688,964.2666642573004,264.51442007682544,427.9920441477955,428.9822882005006,429.5622347225586,546246.2929664581,289.442529879494
113.0,endurance,5005.107943696273,120027.21718550487,120000.0,5500.0,0.0012305852350029758,0.001205179044693576,0.0012252699679847071,0.001221355836075244,251.9333472380054,963.7759683488034,965.8928283416376,963.0890622448153,262.98434073202975,431.93091411129313,429.89059709268844,429.3162971077569,540659.4233215459,288.4728773555533
114.0,endurance,5002.807541113365,120150.01572685875,120000.0,5500.0,0.0012596875457981363,0.0012536593374846226,0.0012507703694704054,0.0012556194488718348,251.69237309400734,962.2478947190209,963.0378352681967,960.6468307508857,263.4590382056033,429.2616938509403,430.26109014147625,429.5786145333146,532497.8711803731,289.8694662879077
115.0,endurance,5006.780562242667,119052.69122295994,120000.0,5500.0,0.0012307318660137328,0.0012403760581729674,0.0012237179798706241,0.0012333697365116234,252.40195995500216,960.525581793612,963.7546238849974,963.9865063046972,261.8228454800183,429.6325276376082,430.6863236020347,429.43158536019166,544289.1420235306,290.4963341100396
116.0,endurance,4998.595618377082,120468.78298920262,120000.0,5500.0,0.001245106121739206,0.0012280428717524263,0.001246834963050084,0.001251099211551079,253.92941349462083,961.9065535671248,964.1159754977907,965.9439755274109,262.8383373653087,430.8058682513833,430.9231755542161,429.58710585079564,545494.6222165574,289.5788028685567
117.0,endurance,5005.191792272622,119940.12743480143,120000.0,5500.0,0.0012337042718451336,0.0012402182572684053,0.0012396435447016953,0.0012452935949047318,253.2792841414468,960.8929427286182,961.9207746652344,963.9448502544583,262.62729100205894,429.7197400756397,432.2688133570075,430.75543493408105,541877.9873759508,290.61180192768654
118.0,endurance,5006.613840566631,120175.82417024295,120000.0,5500.0,0.0012190642136470178,0.0012419499294156959,0.0012413906452894855,0.0012672441435551374,248.7112877867725,966.3549709692612,962.9528526993653,965.1304033091646,261.4255753787295,429.83169939061645,430.7891787684559,429.7430270470635,547639.1467996298,289.8237680198122
119.0,endurance,4997.978537385497,119893.77299928569,120000.0,5500.0,0.0012347256807273056,0.001239485715936046,0.0012578899390043236,0.0012264774893159856,249.0996674596332,963.2580073159802,966.665928028382,965.391826273481,262.6272305122234,430.92120273896904,428.9423359708765,429.7909287264964,529131.1808374744,289.308432269316
120.0,endurance,5003.130243779133,119231.2123171297,120000.0,5500.0,0.0012155565089388297,0.0012250191071181717,0.0012438687810759892,0.001255661441316459,257.62468075400926,966.1887250817659,960.298738447536,958.6926891275485,261.06654704709257,430.74985226011455,428.0740710478558,429.17169271094343,540301.4651746684,289.9765870730918
121.0,endurance,4999.324953506323,120281.6976735571,120000.0,5500.0,0.0012546137579012235,0.0012424055973997532,0.0012508508148040048,0.0012662959247161157,250.46966252918628,961.2941284332492,964.4115547236095,967.101269520717,260.7286978719636,430.8144464357439,429.41488868991496,430.64070535845326,539567.7197414705,290.6466516814827
122.0,endurance,5002.3464682313925,120235.2222780158,120000.0,5500.0,0.001258928583045673,0.0012551230909488501,0.001234469842155152,0.0012529142571132198,249.17558577480747,965.4295019654031,968.9555991429196,964.5223606576295,260.7358116332194,429.8188783662742,430.59025066143954,429.30977350483545,546242.8782464156,289.73854058646697
123.0,endurance,4998.441651322385,120119.51779564892,120000.0,5500.0,0.001241584930646662,0.0012208125594132034,0.001268137284144049,0.001244123787700141,249.25361315116666,965.6745797780782,963.4634557053347,963.9302312415635,260.61423570817334,428.8858121327,426.8373180914679,429.6813457989305,544186.2625587957,291.02798598150963
124.0,endurance,4996.841985162037,119929.28889008277,120000.0,5500.0,0.001247388728432302,0.0012385085553024602,0.0012393384353095286,0.0012455967302777648,250.65858672601456,966.6913655927156,961.6781997822912,963.5946362217271,259.2465248467037,429.0724847801993,430.3153304903157,430.79098988577425,550246.2208435783,290.6051250529601
125.0,endurance,4998.372355959044,120492.54005766424,120000.0,5500.0,0.0012244666355440388,0.0012429919670951324,0.001248857879626909,0.0012493646987685738,250.33291580986375,960.5104863704393,966.8259982472615,962.4764801500378,257.6013883648663,428.52680893986417,429.7779991233959,430.9428441094594,542860.7033559745,291.2037223020353
126.0,endurance,5001.639320903464,120285.83453697953,120000.0,5500.0,0.001254313445261741,0.0012374129381058966,0.0012457354554666063,0.0012372296504097524,251.31073672557338,964.767457794245,961.809718782704,963.6094454842433,258.1337842972113,429.65239599340214,429.2125526336879,430.8325113211264,543148.0196190418,290.05541539414196
127.0,endurance,5008.621573361385,118588.94808694917,120000.0,5500.0,0.0012278804076958781,0.00120767682874488,0.0012415525702616054,0.0012470468218045848,253.80021136193182,963.9177780982958,961.6326791492852,966.8786530331563,258.9071606747999,429.4414341227836,428.57924715998263,430.11908694509873,540097.2503015936,289.4891514136821
128.0,endurance,5001.222006505235,120126.91852724734,120000.0,5500.0,0.001231120585623001,0.0012568437651634306,0.0012288402153218195,0.001227401196111325,253.07496379883972,963.5843162568702,963.4671528114478,962.501920719853,258.3519379709393,429.1173701444203,428.0309770007741,430.41431649515584,537394.602239541,289.69276901541355
129.0,endurance,5003.761071774477,120022.37825076048,120000.0,5500.0,0.001275156592035561,0.001223756505395052,0.0012318298459564106,0.0012422034365761304,255.1488811146155,962.8100327672271,960.4428857389348,965.5915712051778,257.1219060223267,429.4726879132509,430.5518911273665,429.00030011911787,540155.6935096697,290.4000855262303
130.0,endurance,4999.040113190843,120148.85963580638,120000.0,5500.0,0.0012292644694155365,0.0012395247823140372,0.001227445763267426,0.0012216582558209096,255.92748878499535,964.1962113343507,965.1197699526161,961.3498731264294,257.7620473212187,429.4563280642974,428.2406743764861,430.2076579379012,538764.6131207707,289.7019833410324
131.0,endurance,4992.437545428017,120498.71538979349,120000.0,5500.0,0.001250353652465807,0.0012458011651976702,0.0012296482130903467,0.0012342438909501404,254.8521582686628,962.7275361648203,963.8148006995413,963.5623941626051,256.43894168316524,431.1844421063856,427.67631521598537,429.88414326310146,541931.9812357642,288.28618155279713
132.0,endurance,5001.680366185507,120262.1012648498,120000.0,5500.0,0.001241569806670847,0.0012306573058215873,0.0012465125491643789,0.0012547613157753725,252.8505262311241,966.7288041395176,964.9994240485904,964.8203957508366,258.728605878129,428.9993670048222,429.13961036192836,430.17652721247174,544971.2086112383,291.4143526571879
133.0,endurance,5005.754600864079,120090.67046935813,120000.0,5500.0,0.0012436735111814362,0.001237555163107153,0.001236458652286357,0.0012353937276647121,254.22962577519363,962.3546478081237,962.5888413138598,963.619306288453,256.62780408900096,429.4441903822663,427.4918512143223,430.05029111927814,540934.4759134615,290.11655138119716
134.0,endurance,5001.978493026999,119087.53331338239,120000.0,5500.0,0.0012711254571878003,0.001243379612931761,0.001243729672656166,0.001219478834821091,253.78416183533662,964.255471214637,962.7295576955129,963.9628640679757,258.31586182632213,429.43623558849384,428.874812597534,431.1166418036027,544351.4583164011,289.862000729686
135.0,endurance,5012.217625603976,120152.23242806795,120000.0,5500.0,0.001240541369338319,0.001246006275169416,0.0012377219543514726,0.0012453565422901876,252.9904588010795,962.2501663915963,963.0403529187033,964.1760835230629,257.26108968103176,430.37713753669846,430.5780646437263,430.0406095110023,545604.0238265163,289.65181233395367
136.0,endurance,4999.368620703935,120583.3965310413,120000.0,5500.0,0.0012179331090847974,0.0012470048098787235,0.0012816016219458107,0.001219357603701971,255.62687404952078,959.9762540847233,964.2027677271026,966.7145912659246,258.13747122405465,428.83500314175393,428.4367603096964,428.2946266572568,546292.5206750596,289.5769970483022
137.0,endurance,5000.35072109465,120159.87858801114,120000.0,5500.0,0.0012466957380205164,0.0012482170600798049,0.0012430810590652371,0.00122159821464358,255.41192691475484,957.8778219180734,965.8395988186742,962.1596372090814,256.2372061126226,429.17786516394517,429.3295576595223,429.6765472251883,541156.642231024,288.84261380088464
138.0,endurance,5004.446227194571,119729.73908627908,120000.0,5500.0,0.001258024494278806,0.001239457662883067,0.0012325935692049633,0.0012467699159404249,254.25160129698313,961.5001134038258,962.7804513206509,966.2017900046462,255.2668152876204,428.8434054957026,429.8600103507961,428.47859153777654,530213.0576319465,288.26929631525394
139.0,endurance,5002.056673818878,120345.87945899484,120000.0,5500.0,0.0012486869594723854,0.0012461841519966063,0.0012260383569826989,0.0012497439386155715,254.77836436754444,961.9517868615173,965.2324250141106,962.6137936573206,256.3026828331768,430.0619140759618,428.20872388107256,431.16053492531245,538265.8599244196,289.8381767567742
140.0,endurance,4997.7282725158575,120248.8751815046,120000.0,5500.0,0.001246732214130238,0.0012416362388345116,0.0012589199165797293,0.0012448844683209794,251.68221874594263,957.594064874187,962.7902765351784,962.7736314424752,255.0986148284156,428.83647148788026,430.29030838657843,430.7420515019254,552028.4993758177,291.08349303515365
141.0,endurance,4996.667439684985,120148.6714554808,120000.0,5500.0,0.0012244703561074806,0.001250455754559966,0.0012458274751666228,0.0012338118242557726,252.27154954767343,962.8543677317673,962.0822363016284,965.9970762721333,258.9370447859709,430.52153850781264,430.7559981285907,429.85836536554206,540812.3050932985,292.13773918352007
142.0,endurance,4998.383177527371,120219.32169580701,120000.0,5500.0,0.0012399292581691647,0.0012487395732145462,0.001240798673649097,0.0012487709689162933,249.95241940973847,963.1562385786189,966.0989508409607,961.2912314571931,255.0341488294469,431.0694278124101,430.1031668635338,430.76743217638204,531373.434274502,290.08756863430466
143.0,endurance,4993.83041835786,119324.88958282421,120000.0,5500.0,0.0012464973123159071,0.001256087905395575,0.0012228079569311218,0.0012276296779442709,251.3110119780907,963.0984847282123,960.687166101313,967.8763667643524,256.1609872800131,429.33322399673574,429.1736070256362,432.0218468415371,553757.9216921832,289.4453754277971
144.0,endurance,5001.915866337542,120648.58216717353,120000.0,5500.0,0.0012265559399690954,0.0012339774602942333,0.0012580884208815348,0.0012326306426463747,251.59448378680105,960.6282583865441,961.8036741192091,964.7048117820514,254.61552643593072,428.3703951965589,429.0490945678748,431.4584668786401,543347.2217140709,289.3572016240127
145.0,endurance,5000.868436059721,120231.96295879256,120000.0,5500.0,0.0012426163896468816,0.001218554485478982,0.0012448063101305543,0.0012384028025820447,254.12443370702113,960.578935874113,965.4065722402199,962.2986780917339,253.59533242424973,431.0042920862836,429.145985274937,430.0400164180884,541571.2959150566,291.0064070005954
146.0,endurance,5005.589159699752,120563.74440245121,120000.0,5500.0,0.0012498565018252928,0.0012207439702863032,0.001219898106945194,0.0012434066368088143,250.48233738400194,964.2134006544084,963.6080445626002,960.4234091982834,254.1503791952217,428.5125436515159,428.76061457119926,429.4461573850299,545775.5624677719,291.24839354743006
147.0,endurance,4995.0975763579345,119714.95016762019,120000.0,5500.0,0.0012603053934510387,0.0012520477653023305,0.0012437798681281737,0.0012114671210059593,250.36262108107204,963.5876128669531,962.0765540229721,967.2840829500243,255.18202337280366,429.9391471479424,428.5435376306418,428.59922012852746,538969.2416683572,289.2646395379196
148.0,endurance,4998.802314431688,120187.02746280759,120000.0,5500.0,0.0012438097920438639,0.0012533877556943863,0.0012238855174230105,0.0012434725715627349,252.87698508042408,966.4732057994283,962.8242588915774,963.923921323068,254.1685763848085,430.0798227199868,430.0539260551707,429.0176356825267,540112.8877077744,289.86384248872616
149.0,endurance,5002.911353551482,119417.3665385095,120000.0,5500.0,0.001251923928588827,0.001236666249653821,0.0012646482595338416,0.001259151021261251,251.57536739674674,961.999037651633,968.2342686898606,964.5394074553295,255.47554655394836,429.2251009437748,429.52186595810565,430.46729031932574,545447.8700843693,289.06058610590094
150.0,endurance,5006.2698396251135,120154.49462074995,120000.0,5500.0,0.0012289188913777035,0.001253328573826904,0.0012386492907702404,0.0012506710795403503,251.2762476879074,964.00031719363,959.987479431757,964.0226367214229,253.2800208237849,429.8191840989998,427.09292113168493,429.58940937137015,545990.1823147304,290.3878817921642
151.0,endurance,5006.031472171793,119457.08148526488,120000.0,5500.0,0.0012605036942365028,0.001260973791510934,0.0012258085213754126,0.001230885125032455,251.24161906499384,963.2212744145708,963.6427760235456,958.284243122217,255.33109431934537,429.39574628050576,428.62514643864296,430.61165248823954,540593.198400258,291.0433916146867
152.0,endurance,5002.671612189,119836.6191249967,120000.0,5500.0,0.001255511236933822,0.001250920870125431,0.0012345003590718622,0.001220642495315824,251.28808715038952,964.5083335331883,962.7831055544353,966.8216644212139,254.91436839794866,429.8476561732937,430.05816291557744,428.76064216147955,541707.5801405355,289.2280488962787
153.0,endurance,4988.134686529198,119100.72527638469,120000.0,5500.0,0.0012500426249009455,0.0012352577270506508,0.001239283159722543,0.001222319915455926,251.2024960273898,964.8411032672076,963.4567849713943,962.215196193445,256.1183293843514,429.589722569291,429.2975918451525,430.8046038183278,533576.1491171186,290.4501161356903
154.0,endurance,4994.3528832531365,119599.84470745262,120000.0,5500.0,0.001232251474104015,0.0012424229267240358,0.0012421507651282195,0.0012446036744625825,252.80914023184823,966.0876169415259,966.6692300762469,964.6910614692612,255.26760112554607,429.2724477363839,428.5425943401188,430.2469551372663,542504.6229636007,290.75942169429885
155.0,endurance,4990.780765964051,121347.2313240081,120000.0,5500.0,0.0012249259028690943,0.0012412658169780558,0.001253221837387883,0.0012235271247131834,251.27741081260075,959.1944990292768,960.38271292502,959.360371827015,254.54418768542632,429.94932656563316,429.33345877127806,430.92650226865146,549332.8082565962,289.8905951273245
156.0,endurance,4998.876821741671,119860.7971859311,120000.0,5500.0,0.0012351921719605126,0.001257189870770095,0.001243831626089663,0.0012367130049612829,251.93976439923796,964.3707266434114,962.4682828038744,963.9049025696494,254.34189448347183,431.02082789827836,430.8241095955536,428.2291026332652,541544.20952451,290.61738128320206
157.0,endurance,4997.742692837825,120408.65743181393,120000.0,5500.0,0.0012450870203217761,0.0012483055187598755,0.0012401117350800308,0.0012447007344643954,253.45859290009966,960.31485064824,961.432159527539,961.2264492733126,256.01406362553826,429.9632721419296,430.0336743759089,429.83325909558596,539754.4998233188,289.1527509318589
158.0,endurance,5004.286811848708,119813.65951132575,120000.0,5500.0,0.0012606482808299414,0.0012433692555048358,0.0012420722966871853,0.0012381921890829313,252.25967475700023,963.3504398709255,966.3438093257314,967.98049057634,253.10438788281925,429.91830766928643,430.3739021374442,428.75407646575786,539198.2062091292,289.4464984354519
159.0,endurance,4987.937048224217,120330.17954808724,120000.0,5500.0,0.0012403872719572758,0.0012398075662167609,0.001241992414216931,0.0012440819118699825,257.06469456719304,963.6532098250866,964.9655322209279,962.2459250876353,254.56790014368576,429.3498584143553,429.51576431483835,428.7590965390838,538303.343578759,290.368296069412
160.0,endurance,5003.798160572453,120236.79377475934,120000.0,5500.0,0.0012326579991125824,0.0012449662229021908,0.0012094541890666775,0.001252781658320913,252.35002397083323,963.8439469530468,965.6387294445909,962.4562407090186,255.13030782889675,429.2314344563886,430.219487830415,429.2654175918926,543967.1145342289,291.3750739108056
161.0,endurance,4996.834631586943,119703.9130794746,120000.0,5500.0,0.0012370697604628669,0.0012448953818147148,0.001275382102133317,0.001233969659936232,248.3531501425149,962.0109345051012,960.147271321691,962.2027844967157,254.14687597009424,428.7218762962752,429.00070284955234,427.81045169826973,543400.2493273069,289.17828779222975
162.0,endurance,5005.593587625241,120541.90475762368,120000.0,5500.0,0.0012304407670615312,0.0012366586334394026,0.0012419439572231696,0.001250709377447543,249.11145772841041,963.1957097581218,967.0775441268092,963.164114746491,254.31332939100926,429.69350838589196,428.49782563776364,430.64672387569755,543888.9917740405,290.10288230724166
163.0,endurance,5003.841104018996,120414.74787128571,120000.0,5500.0,0.0012178096515929587,0.0012473879574026294,0.001234143476806147,0.0012433934210529566,251.05442651031115,961.6235950789717,965.2713506424441,963.3475132309896,253.77405489582924,429.41487253773613,429.7855076330508,429.6891524270309,530741.0107592162,289.07775466388387
164.0,endurance,4999.080417903341,120401.01055724362,120000.0,5500.0,0.001258505628478634,0.0012299687602354906,0.0012657008455579386,0.0012428088420684,253.50599467382042,962.3316783196007,962.1921617597295,966.2876937799283,253.81867598288287,429.62454482337205,430.8898331957826,431.45710410546144,535215.999152362,289.78825016852414
165.0,endurance,5000.337782769162,120948.94744476865,120000.0,5500.0,0.0012725527915840693,0.0012412801812617873,0.0012465689173657094,0.0012527129699064568,254.88325650526676,962.8118261802979,965.1726074051955,962.0557823885051,251.33993267195356,428.3678803974818,429.96798720686957,430.5390212474591,531526.2099001888,288.1908872009514
166.0,endurance,5000.359089649823,118359.21224487893,120000.0,5500.0,0.0012491488719877657,0.0012550855030022197,0.0012051759549313612,0.0012518275756070638,252.24450089135985,966.3500595148839,964.0756944682173,963.0361465202756,254.13296140274312,430.722715610176,429.9736143580997,429.825166590647,535766.5399384637,290.51567892058995
167.0,endurance,5000.818851649314,120989.21287165131,120000.0,5500.0,0.0012424021397043777,0.001241498071964952,0.0012347999925958132,0.0012516028710538995,252.27076764973276,962.141256210367,966.7686148286862,967.1287297230602,253.54166567867117,428.7728167092767,430.9318860322437,428.9636938204668,557239.7319805064,289.9102570720119
168.0,endurance,5005.565773440523,119423.0631945544,120000.0,5500.0,0.0012422826686362641,0.0012563404085727645,0.0012482094089638315,0.0012360483149637753,257.6258964346204,965.0583020230076,963.1161293188619,962.36233078387,253.69929730562797,431.1651884793229,429.03380571481597,429.8417152945074,538996.0721616277,291.3132933200005
169.0,endurance,4999.949881161214,120509.94860621024,120000.0,5500.0,0.0012498581081559865,0.0012355520364111634,0.001251523611550554,0.001254509260788023,250.40375839091382,964.9952710720289,970.7358055643768,962.9854810247648,254.58308935214944,428.4690939510359,430.2741618614337,429.21964730452015,546987.1018742238,290.00431389101215
170.0,endurance,4994.855320373765,120631.51277609786,120000.0,5500.0,0.0012401107559960973,0.0012301253945990224,0.0012436374669417987,0.0012307332797407602,253.50836767581904,963.4564541696868,962.8377455842258,964.9283454887725,252.62221121693273,430.79180459971246,427.79053131017315,431.4327604753093,544046.6522496858,289.7898449139599
171.0,endurance,4997.0680465075375,120354.14592936017,120000.0,5500.0,0.0012408161722692278,0.0012405864238074823,0.0012557430883447576,0.0012373775991201357,252.23551751750458,964.4525314130829,965.7517354398822,963.2819526359812,254.04178335367797,429.8589702561039,430.5628830072736,431.3182552068261,538410.6688002399,289.9213990686235
172.0,endurance,5000.543161720487,120376.2787982487,120000.0,5500.0,0.0012616379220191842,0.0012426034869227165,0.0012454850522799243,0.0012570138465098294,250.19537934449428,962.0271078045453,962.6721268636398,963.568374271603,254.08369733876447,429.28586057038217,431.5839870563838,429.095108864266,542093.0318646105,291.1529145481598
173.0,endurance,5004.67535364589,120069.0671245657,120000.0,5500.0,0.0012474892015371633,0.0012530428875171036,0.0012425932068391545,0.001250898498004997,250.84133680893692,963.7136103573445,960.2402311781515,961.7565976274541,252.6569601039936,431.0674981158655,429.3294862569846,430.1004169792188,538366.6578746616,289.83418581057276
174.0,endurance,4999.2772495833715,119634.72770485765,120000.0,5500.0,0.0012533708648546896,0.0012216245237421876,0.0012504266751784366,0.0012760074081662903,250.99584508006393,963.593225004152,960.361852489405,963.466827265955,252.00253958085153,430.4121468184587,429.271197231279,427.89211740981705,536317.1362222906,288.3925317022858
175.0,endurance,4999.063265488861,120483.52749551489,120000.0,5500.0,0.0012370545755758906,0.0012271668516016267,0.0012314372385568175,0.0012434252787253601,247.6094060166873,964.6226430337513,964.2474696515753,958.4154108663387,254.89241277951356,428.05503556219907,429.49846722941606,430.91611011921174,534288.2375755232,288.0698229763023
176.0,endurance,4994.547842256332,119471.92899300599,120000.0,5500.0,0.001239706964310594,0.001234786715500891,0.001235128835094501,0.0012352969177965333,252.1099953793106,961.6079530068891,964.0210548597826,963.3458572126076,252.5973286939028,431.5571775765601,428.3979239505117,430.44726990789496,538748.7831717224,290.31038322278215
177.0,endurance,5002.883444761857,120462.00227734601,120000.0,5500.0,0.0012594623611391995,0.0012308146170590018,0.001277720279554249,0.0012466674515200916,250.85062908646398,960.6146932065582,968.1817195993584,966.756665059751,253.62159049422593,430.5005004347233,431.0689716087999,429.8271977026073,540543.9849287546,289.9370075458845
178.0,endurance,5004.65627311882,120048.45881464312,120000.0,5500.0,0.0012262205545525975,0.0012513926016942862,0.0012199303069729817,0.0012323114072767985,255.08561816211625,963.9130452938587,963.9044442277125,963.6444617328427,254.6860629839816,429.68101754034643,427.7387813925716,429.9830146514943,527058.1420802895,287.8787466494846
179.0,endurance,5008.470280196549,120568.84586415545,120000.0,5500.0,0.001235914268383104,0.0012408456055549,0.0012428795018586325,0.0012545042960978071,250.96583644936527,961.6166379716415,962.1329136824339,963.6997728507533,253.8760233855139,429.324758791946,430.5049294299958,428.68183171027266,542315.5359240221,289.26341513791584
180.0,endurance,4995.210090374873,120662.975630683,120000.0,5500.0,0.0012377099931742957,0.0012289914494057709,0.0012422713413592268,0.0012290479195698884,253.76215924708566,965.153852433921,965.5137699133656,961.2511518346433,253.43766149433176,431.61415049166976,429.50933257613906,431.02233332408576,550518.5387237706,288.56162821362676
181.0,endurance,5006.562477407434,120422.13845564525,120000.0,5500.0,0.001252929248203,0.0012632514684386175,0.0012476503794864378,0.0012428133655864168,253.8011345585661,962.7194166922054,964.4382009612058,959.3094842771649,255.3416367680839,429.1887105768369,430.2840629126742,430.05055069464163,543258.7794202478,290.08916313033126
182.0,endurance,5000.704920544106,119199.52146507028,120000.0,5500.0,0.001234871171384815,0.0012569481935052224,0.0012288290444938945,0.001228409216751347,256.87163151541193,965.8876462717417,966.6134510418783,963.3926743566282,253.82839640637215,430.50686475754037,430.3024000754403,429.63777644882833,535228.3449649042,289.22034129683453
183.0,endurance,4992.64221363578,120836.70927722717,120000.0,5500.0,0.0012365975940910963,0.0012393639065625486,0.0012452307805774646,0.0012418273733073876,253.59315139243628,962.1130757916413,960.2733309888373,966.9546452952425,252.7906398577275,429.22213365805425,428.89441212641157,429.14524654544596,542684.8892152993,290.70733960596425
184.0,endurance,4994.857030774104,120168.97252692074,120000.0,5500.0,0.0012328874169112436,0.0012565605774405924,0.0012258199228816172,0.0012426241901839768,253.92711104009393,960.5809992080476,963.5666886946018,963.6383696964234,252.67185895216764,429.4683857492751,430.6933368996061,429.93575582534226,540394.6021420561,289.71733508587874
185.0,endurance,5002.407392590615,120656.83905605748,120000.0,5500.0,0.0012512079466509506,0.0012503875397259707,0.0012608535195452726,0.0012217729373973285,249.53833547776057,958.716880334794,965.0005122946028,958.6833342127494,253.40917267823738,430.4357712497182,428.26193305045587,429.004145564143,541095.1453562399,290.65030458379914
186.0,endurance,4992.405421252393,120167.0134093528,120000.0,5500.0,0.0012497481256308484,0.0012427988611744562,0.0012429809057382883,0.0012566192482517126,252.86442480890037,963.24447696486,962.6142525540138,964.599642831696,253.13766068736967,430.32102563116814,429.7637512855043,430.7985306726169,538402.3426557053,289.9811527632762
187.0,endurance,5001.782994537848,120210.45610900917,120000.0,5500.0,0.001255060179740432,0.0012458553332215956,0.0012522219717948741,0.001265385212157362,254.10329266558946,961.1573986688276,960.416156185255,964.6268037481558,253.0342686378766,429.95230319246997,429.48613599923533,430.97199005672064,548386.7021965839,288.77303223300726
188.0,endurance,5001.388934110642,119850.93120410496,120000.0,5500.0,0.0012246261010955086,0.0012489767041915186,0.0012391317665626993,0.0012464280243408795,257.37140231309013,965.9413147470749,965.4916320256746,962.4607683915874,252.21360044478317,430.90964579876,429.3547286354514,429.70320765792314,540475.9331183281,290.00233019899093
189.0,endurance,5012.067050517885,119843.10089109828,120000.0,5500.0,0.0012373903042563975,0.0012434118893257257,0.0012444320524605916,0.0012259620648658715,248.84337115555113,962.1026871163504,962.8405202212226,961.6871033444104,252.37442021001849,428.7059366956826,429.24979341824604,429.522664745324,534111.2527747628,289.3333641184811
190.0,endurance,5001.683746301673,119927.72841263247,120000.0,5500.0,0.0012237344961225224,0.001236169481659485,0.0012403465578586723,0.0012501184168950549,249.09726153197107,964.5897124679179,962.2947020310679,963.6246373767467,254.02746720341617,428.75727821127487,428.8207030325228,429.51257215847096,545821.1858608654,289.3248325220329
191.0,endurance,4992.777102720089,119635.82972513716,120000.0,5500.0,0.0012452092993791646,0.0012548135786214344,0.0012341468495474866,0.001236393287732517,251.9652127816365,962.9248725683364,961.3019446165837,962.3093705790666,253.53476075536636,429.7163047369652,429.6352739522184,428.6100192377616,539393.8455327353,289.1455256985379
192.0,endurance,5005.0168649161715,120702.21335356352,120000.0,5500.0,0.0012445661951745006,0.001260044559360245,0.0012367197489775458,0.0012367793792587565,249.7339266876698,963.6480814082774,962.2855658367162,963.3758000813231,253.79657895918552,429.3759578868103,428.5008874059163,429.57340817408885,541800.5976631808,289.8906057635658
193.0,endurance,5003.1676293460805,119875.57341805013,120000.0,5500.0,0.0012371478875495626,0.0012617946890939374,0.0012536815797771455,0.0012393578402399449,250.48381036324415,962.3282719254914,963.9709435746689,964.8889079105661,255.70195368212026,429.3889550051518,429.78572880721265,429.2835981713075,542658.8458870782,289.50432189385685
194.0,endurance,4994.63181605521,120499.23960017986,120000.0,5500.0,0.0012423006038266913,0.0012565283509311416,0.001234576408397678,0.0012440071527982921,253.68754558447586,959.5467138054718,960.65276787208,964.7523016066483,253.43080622575954,427.8399387899642,428.92670068383904,428.61867878599634,539978.1891960667,291.4312931686405
195.0,endurance,4997.191610761381,121005.09326732846,120000.0,5500.0,0.0012378917116702655,0.0012319935013798146,0.0012602189382285398,0.001252643708042886,255.15226763261018,967.1451853865881,965.4089251997024,965.7263870988419,251.64650543992374,428.8637182546314,430.1171666536543,429.88439691756264,546049.6776338518,289.4590905034079
196.0,endurance,5005.652277518566,121014.32234725058,120000.0,5500.0,0.0012485024214145862,0.0012516183601916028,0.0012475980552512963,0.0012527901173276634,252.91144579526934,962.3663698626536,963.7548812050366,963.5809074304806,251.85344929460072,429.93506905147024,429.7303638733537,429.9097771662348,539878.2420583421,290.4246064405219
197.0,endurance,5003.325310175424,119674.0830022867,120000.0,5500.0,0.001245424328306515,0.0012510297159416723,0.0012505699895335746,0.0012301268287726141,250.46056166789168,963.4015008546041,961.2759263014619,968.2851638430866,252.5370930116973,428.8955940609016,430.31761829208125,429.21060736021394,530834.7329961327,289.7664073023329
198.0,endurance,4995.153831300961,119742.22098074423,120000.0,5500.0,0.0012210451824429135,0.0012297023045314515,0.0012387173228651297,0.0012397222240836988,250.15576286911218,961.80437966025,961.5285193272654,963.4815780013726,253.11638700013486,428.3819361764787,430.2477678349685,428.92134423284716,544033.3294972562,288.9459972076911
199.0,endurance,5001.211971698069,119914.5091756433,120000.0,5500.0,0.0012408795049643705,0.0012463594313332858,0.001245554619542498,0.001242199519262847,252.6080764601301,960.6482604007261,963.0192086938947,958.8322802763169,251.02386569894242,429.2901176589882,429.3778479820294,431.07337659543333,545345.3782946226,290.93706243203525
200.0,endurance,4998.194247485747,120191.3255812354,120000.0,5500.0,0.0012544740729506872,0.0012467147289780007,0.001244605155806931,0.0012415659738394783,250.49501478760038,961.423141165348,960.3638501831883,963.9998278110321,252.98217192007968,428.9538584041495,429.97247310570276,429.05657357596925,547347.6436605274,291.75378012056024
201.0,endurance,5002.083735244968,119645.45722386775,120000.0,5500.0,0.0012222193114972575,0.0012652110031556305,0.0012460929164105818,0.0012261691244677723,254.47325786651606,959.9323910184138,962.3554601387184,962.7570585439912,252.90252694563281,428.5078211681046,432.00190561435505,429.2413570292042,544140.6489257218,289.91417465393323
202.0,endurance,4991.9869551675965,119718.53800466876,120000.0,5500.0,0.0012432059903624405,0.0012520778535820556,0.0012364056958355414,0.0012451563294299862,251.69377934843772,964.4027741958706,958.3369685976736,964.429203977587,252.64236345318542,429.06587234759434,426.82201296662583,428.586724899259,545316.5061971608,292.17773151107104
203.0,endurance,4996.443500981039,119665.75309373629,120000.0,5500.0,0.0012467634499538805,0.0012442620889977646,0.00123349681818874,0.0012386682258006742,251.61771321128222,964.4812926577671,964.8294885567884,966.749157774361,254.17199270325636,430.31111479170755,429.8048731358349,430.58059117013295,537428.2961708169,292.037793711429
204.0,endurance,5001.37455183193,120699.75688926665,120000.0,5500.0,0.0012310144145594557,0.0012535525324970699,0.0012457866997460326,0.0012385505424530269,251.06590052001746,961.517587902873,966.8474710665246,965.6981506404021,253.3771100264259,429.8496807976629,428.9323504411631,427.8279555692056,533432.394321677,289.29411782109327
205.0,endurance,4999.22818634074,119416.30541378784,120000.0,5500.0,0.001250726751091908,0.0012472525344045177,0.0012428634627360225,0.0012191198583229265,251.970624871418,963.2117794216898,960.7566515465555,958.9129016579553,255.16861802581312,430.2748363593286,429.27168405083813,431.2497030352674,547891.3848403244,290.3465538584841
206.0,endurance,5001.124204065616,120388.78599683619,120000.0,5500.0,0.0012589966400589178,0.001241736946041202,0.0012380130196120546,0.001248086463794043,246.76918714146345,963.4471230315803,962.4579969707278,963.2366565012351,253.06868541632394,429.9925688659922,429.7600380168679,429.7230483585346,541684.5575835841,290.353753723345
207.0,endurance,4997.460040591762,120490.8592431042,120000.0,5500.0,0.0012199927876029389,0.0012433979378354838,0.001246481106633989,0.0012251030358508101,251.53906838697057,965.9195564525314,963.0086460048317,961.5075051521501,250.26770486071348,429.99622990745394,429.75792950163327,430.26596400570617,552595.4351460196,289.89592193707887
208.0,endurance,5000.6679416250045,119656.803127599,120000.0,5500.0,0.0012401124957313985,0.0012405177352080047,0.00125024675709993,0.0012477508642854149,250.87201690346052,962.3216734223386,966.0298912188565,961.3531211201936,253.9915489521665,431.28017413469826,430.3096984515294,429.9092611643683,549173.141263091,290.25354138522135
209.0,endurance,4999.954786647216,119898.46928500103,120000.0,5500.0,0.0012551258046494358,0.0012495044297879748,0.0012600437616453826,0.0012367107536833217,251.7740663364456,962.4007229283652,963.8325170296271,961.8875647865401,254.165782473092,429.99482201008755,428.674330462075,426.6911712033843,533217.5966349002,291.3378979512228
210.0,endurance,4999.69071646113,120073.33943820473,120000.0,5500.0,0.0012355936993311927,0.0012457537223896915,0.0012170251923101572,0.0012160330852131508,249.12371117250632,963.4020385462759,964.6759974606839,964.2170453157777,253.10703947929952,428.3722513647515,430.44944476199487,429.37094215163813,542231.7321434054,289.8225126533346
211.0,endurance,4997.638471269037,119636.19914993989,120000.0,5500.0,0.0012334942429923724,0.0012247969291790096,0.0012439099556440408,0.001238671291186644,254.42669276489386,959.6406315091823,965.6084336407368,963.1204413850371,253.06522015100126,428.8460202332211,428.8344495543326,428.1576224566468,546821.0584189609,289.681542772365
212.0,endurance,5003.565188901051,120411.60262026681,120000.0,5500.0,0.0012346250680570275,0.0012378711636580502,0.0012365442632306346,0.0012535716435100879,252.65523290314638,963.6026507307746,964.7074518537389,963.1148304236402,255.26960267374696,428.72529980244485,430.9076788994307,431.058381451031,536629.5254122956,290.76099686389784
213.0,endurance,5001.396604224558,120434.8097169814,120000.0,5500.0,0.0012259568703980048,0.0012438930462812044,0.0012287123072827223,0.0012367611232250234,255.23959106042918,963.0027948229208,958.768499405098,960.4748388136577,252.08513658102572,430.6718507271414,428.95829406771844,428.09898636274795,547933.0046422485,290.15053474667843
214.0,endurance,5001.711518100231,119600.52231565719,120000.0,5500.0,0.0012585927126446573,0.0012393542894756527,0.0012163861611486737,0.0012267577889098428,250.71494658851074,962.9504902189123,964.8017950895161,961.8185727040221,252.62102943960758,431.86041327662076,429.73876353936186,429.1273440109691,542514.4843977873,288.647889365389
215.0,endurance,5002.675093732272,120484.13888614599,120000.0,5500.0,0.001233651514732844,0.001253304550605664,0.0012372709476315775,0.0012444546541666797,250.9168217308009,961.6710557280743,960.2741308062712,963.7120236740709,252.93463532952617,429.4026082501853,428.5272217174567,428.48809220200167,539188.4763783346,290.369532264325
216.0,endurance,5001.505444636718,119658.78413986004,120000.0,5500.0,0.001244522743494671,0.0012626888963200697,0.0012421910509532585,0.0012659667314130956,253.26695591559093,965.9351497985482,962.2151043063676,965.6201088084747,252.03120672244802,429.8991879575064,429.32112861414805,427.65937071217763,535524.6678670056,291.03135199560506
217.0,endurance,5002.448279278903,120647.18596093466,120000.0,5500.0,0.0012432934629546927,0.0012048456409334612,0.001243965175442344,0.001233791854731239,251.38884192359808,962.3689352538854,961.7352369157288,961.3478715605999,254.45202308611843,430.0995162424179,428.9992118697005,429.2303199719154,547199.7716681415,290.2768650964583
218.0,endurance,5000.953854372538,119384.54891666843,120000.0,5500.0,0.0012354265575024515,0.0012267256925473297,0.0012170237555997312,0.001251899754176305,251.7310678608093,962.4348890716984,961.3380438876536,964.7720646049568,255.29562823491,430.23341914563287,430.57791173964915,428.4028946752586,543189.6991113886,290.1105143113004
219.0,endurance,5007.410277451024,120000.63191453948,120000.0,5500.0,0.0012290648158938405,0.0012399512144988603,0.0012353789255348652,0.0012587130183547303,253.7121582800225,963.9370131945068,963.6132789417012,964.9414995871207,252.70732415386786,428.7278637208281,427.76454543487637,430.8321599713569,544824.7897374848,290.5308279277684
220.0,endurance,5000.152486256595,120825.02782845483,120000.0,5500.0,0.0012285432942408959,0.0012556546251926695,0.0012302426242734854,0.0012350933840420486,249.93713955284576,963.422905564069,962.6609686679054,964.1026146195651,252.6025670760499,428.24556760907313,430.2052349449777,430.9247151140928,545934.2454164721,289.82593405844966
221.0,endurance,5001.919646945987,119140.29122356788,120000.0,5500.0,0.0012364645929363199,0.0012550114792395782,0.0012463122016106668,0.0012300025630691156,254.06729345327005,962.9620164625366,964.688285556457,960.41037678916,252.6531235810352,429.9579072845728,429.93560871836195,430.18638462580054,542179.4966349882,289.67853585547346
222.0,endurance,5002.241286854211,120420.49401732268,120000.0,5500.0,0.0012218036062696537,0.0012366072680013026,0.0012380704226763691,0.0012425550333955077,254.3773955852799,960.5735202121002,964.2921969485072,959.7696417840248,252.42580192206825,429.1127498817525,429.363881602765,429.02294140395463,539674.2405310902,289.5373553624585
223.0,endurance,4998.540091707766,119069.33190720087,120000.0,5500.0,0.0012232650999653603,0.0012351956483778247,0.0012471386276538409,0.0012530218583229578,258.0433059403968,963.4445242688314,961.6614360144721,963.5850182730645,253.85613321103247,429.77320184894637,428.5792181973523,429.5347205784264,542038.6558750797,288.4767706999591
224.0,endurance,4993.884250690611,120586.75637708542,120000.0,5500.0,0.001213091763750611,0.0012427080299153223,0.0012374082725287677,0.001257759239925921,253.5740781223081,961.5124503664262,965.7389427971525,962.1164571872823,255.1570553706628,431.283637316323,429.5574502647977,430.4063769743212,543171.4913098341,288.98451481925036
225.0,endurance,5005.198175907603,120203.06520682466,120000.0,5500.0,0.0012511642472218265,0.0012538833050449742,0.001258136966817455,0.0012534887399505534,252.19917710101248,963.4244424611735,964.0720504748062,963.0142801205765,252.95196437144105,431.4952537663736,430.13445864675197,431.5299282072802,538500.8639408349,289.8530768742685
226.0,endurance,4997.815402792526,119803.86449090004,120000.0,5500.0,0.0012372568828719634,0.0012393056968216735,0.001235472742385625,0.001263002334935611,253.7321975331845,961.7897334375813,962.1848567221027,964.7426253682756,253.7296900661747,429.04915938420027,430.56924407473844,428.2350258171006,539998.7691094044,291.6080482032078
227.0,endurance,4987.085215177565,119898.13476961771,120000.0,5500.0,0.0012529941926769472,0.0012390756783933444,0.0012312607125419235,0.001229923190953328,248.27582628972695,960.6437306469879,963.4003243380894,962.1419279444009,253.1774888290104,429.506459532667,429.93662557970947,428.0107481989773,540816.9140368488,289.56311195577894
228.0,endurance,4998.450576038253,119559.48593542393,120000.0,5500.0,0.0012139258097795288,0.0012486096114899523,0.001250861715433326,0.0012699762853228243,253.84242232909997,966.521909970108,964.448522426198,962.5174717473026,253.67948229618193,428.49940930377574,429.8951475257146,429.54684882584,537121.3454457048,291.1087577055633
229.0,endurance,5005.531791962592,120228.35249110445,120000.0,5500.0,0.001250896804485321,0.0012611107841712138,0.001239248514656388,0.0012242714824258953,250.51556673187372,964.6563029496547,963.7313245871816,960.3326695820182,254.49960973310252,429.8716604960191,431.2579765203373,430.7790712430089,540219.7703480398,290.000188442114
230.0,endurance,4996.391528900286,119587.0275825677,120000.0,5500.0,0.001237305306190231,0.0012471315407421748,0.0012578232869068407,0.00123003245592235,253.81125533259876,963.3735164323975,962.8624026490209,965.5391454711104,252.8507640836708,431.0395468470342,429.34435559636006,428.76133038499694,546259.4410569136,288.47585742747316
231.0,endurance,4994.231647027248,119919.3984215905,120000.0,5500.0,0.001241214752074022,0.0012378845002615684,0.0012168782965706366,0.0012247517623187169,253.47158043835807,964.4000334731755,961.3237789128123,963.8601433427466,253.41986619455164,430.6960044205697,428.95829671261924,431.1356926396537,540999.9912830516,291.36669736021554
232.0,endurance,5004.759749005948,119514.06830827975,120000.0,5500.0,0.0012374626105495403,0.0012448245485701405,0.0012538383885194264,0.0012242166212732613,251.47494105896345,964.579669694097,964.2934825969372,961.2503678008616,252.32544574583045,430.1174423436343,428.67132964239386,429.92138214223985,547075.9548698792,289.9493972979544
233.0,endurance,4986.826403002441,120600.81114346415,120000.0,5500.0,0.0012555093645575516,0.001258800179684753,0.0012519070149072168,0.0012205091599634828,255.28735354536477,964.0269867499584,965.211286223467,963.0254199935939,252.97470747012403,429.4553628682967,431.27973870289145,429.96362200387404,541511.5899243562,288.6593594371312
234.0,endurance,5002.514496019723,120023.12177181095,120000.0,5500.0,0.0012432404932669174,0.0012535132821773108,0.0012502569082071338,0.0012413593983527543,252.90103854159884,963.5231714376079,964.7733508820086,964.7202241911598,253.35759975833017,428.83844990069656,430.5325766985145,430.58879434148594,537192.6119997789,290.3211631516047
235.0,endurance,4998.243053910704,118927.31431063148,120000.0,5500.0,0.001240727091656484,0.0012530217108155895,0.0012322224100913732,0.0012325228786673884,254.4919011577311,961.1336033564173,961.4495921833604,962.6906256781588,253.82757132572388,430.3073792044224,429.1551660446873,429.37276225344453,542916.1977522615,289.53624059139935
236.0,endurance,4995.8107855497055,119466.78284054802,120000.0,5500.0,0.0012499796884930235,0.0012384479392347975,0.0012765818388045709,0.0012488763557312519,250.94672914439937,963.3212686621316,963.9981379409592,964.1114393859305,253.64689188045986,430.1299046323401,429.54057451389707,430.32621277861165,553357.6439124261,289.4828376405261
237.0,endurance,4998.209385630509,120364.33789585563,120000.0,5500.0,0.0012565621879559517,0.0012512614097484772,0.001256197746826337,0.001240539230113003,251.9838009463377,964.6202556978363,964.6591387139708,966.648862935589,254.75373460049155,427.85862837869,430.4523817507179,429.0099311236291,531950.8682616884,290.3104896434905
238.0,endurance,4999.2543910364175,119835.76573254877,120000.0,5500.0,0.0012252219486177504,0.001228536128280264,0.0012384282134085835,0.0012225778217071586,252.2122763297916,963.5256751076612,962.9936512851211,963.8928672953575,253.12133128791152,428.50878251191426,428.6363955933794,429.7997169742905,547204.5914769842,290.0582152630409
239.0,endurance,4997.5366467388785,120086.64569841616,120000.0,5500.0,0.001218591699395906,0.0012286519878604533,0.0012362763222259936,0.0012401510736098796,251.76036288571433,962.7401947885442,960.9119209367524,962.1348890278946,253.4266622863998,427.8219368263935,428.4597714149473,429.3097010759458,549737.9152545491,290.57429276004586
240.0,endurance,5007.796611087752,120668.90740387475,120000.0,5500.0,0.001235329860178342,0.0012400156788618679,0.0012263463675409574,0.0012554112380710489,253.85345487988303,964.4525365333586,964.5947363990574,964.1917152834311,253.38452866171772,429.93161189299224,430.86406014272467,428.8713588013545,537144.91018147,289.9043632896923
241.0,endurance,5005.788220537569,120120.35610493961,120000.0,5500.0,0.0012383596044323343,0.0012512102762802383,0.0012422850425103651,0.0012174113914114769,250.39842628618294,959.1099109648086,962.8386028828818,962.3871061692989,253.61612964967486,431.7639506332954,429.0655362177231,429.667682151737,540469.3712832475,287.10307447426504
242.0,endurance,4996.228307425285,119643.94134080005,120000.0,5500.0,0.0012443297989120838,0.001230576485522184,0.0012249854140928198,0.0012482223514218634,252.28084790115366,961.501269242232,961.7746581892154,962.6858424370486,253.99607061428836,431.07826221696723,428.3604346358596,430.82366474008245,542654.271595267,290.2662532736845
243.0,endurance,5004.871777562099,119523.39765744096,120000.0,5500.0,0.0012515821199563907,0.0012248316934454944,0.001235206717761756,0.0012304665185568278,255.77472904654522,966.5554480120682,964.7992938645189,964.3167279722461,252.6543595975402,431.3995237548719,431.05765748333965,430.563141440691,541854.5767636057,289.5659713057967
244.0,endurance,4999.649900444872,120668.52908292293,120000.0,5500.0,0.001229403711980068,0.001242536206405372,0.0012612692185075102,0.0012520291196215455,255.9054403048679,964.1425063255143,964.1738150334894,966.0718309911355,253.84853843670592,430.02576911701055,429.1791739212206,428.21471647029233,549911.1847495213,289.5201810367631
245.0,endurance,4996.477105218857,120448.62848395662,120000.0,5500.0,0.0012304201839720733,0.0012247228598400136,0.0012343610080545369,0.0012406199777382032,253.02407775059322,964.3736490724684,965.2823535119925,963.1301221430986,253.57973070090188,429.59122217605625,429.0685680054184,430.1016434143425,544336.2957029874,291.7828667044889
246.0,endurance,5003.205970286183,119678.8704413225,120000.0,5500.0,0.0012488115199565989,0.00123840657059216,0.0012608623428106908,0.001220552063697495,251.18855106677788,962.0661327669301,963.6100221267963,963.1158868778991,251.64962896643235,427.8637304524054,429.88662348646784,431.15543500688676,549785.8593230363,289.5560121434683
247.0,endurance,5002.526426889918,119597.62969678141,120000.0,5500.0,0.0012237988517563023,0.0012565478765851207,0.0012498151444949996,0.0012374376995972162,251.76785743905842,965.1901957547022,964.0135699484126,962.7163978106191,253.503436880303,429.700816998411,429.30828715430727,429.00335274498946,547187.3076756224,289.4895556589052
248.0,endurance,4994.462594801994,120919.27941312977,120000.0,5500.0,0.0012568348658184765,0.0012479819372528777,0.0012407775010582292,0.0012439784873716545,249.65447484863236,963.3468767909728,963.9235039221832,962.9872448314522,253.65307319589976,428.95446870591144,429.88675578532667,428.16252347190465,542467.7852615726,289.3432068730812
249.0,endurance,4993.701965724504,119826.93202843665,120000.0,5500.0,0.001241680437759815,0.0012341487898256324,0.0012527187588246796,0.0012328850498291289,254.322035864126,964.7848663939996,962.1631412707329,966.1654188534002,251.87056237138754,430.21718777534585,429.75738295853597,430.4420769290705,534834.4241091927,288.76438354846164
250.0,endurance,4996.078075167505,120024.11311111273,120000.0,5500.0,0.001242241002653236,0.001241411876172355,0.0012380059519053997,0.001232554746023872,249.75542856208523,962.4699623917246,964.3463222999873,965.2994071553625,252.68993067327955,430.722857636851,428.3442699082865,430.431513899722,537093.7501826194,290.15234141137756
251.0,endurance,4995.381032498457,119531.09098993914,120000.0,5500.0,0.0012343994970172062,0.0012582873318534916,0.0012329299194327016,0.0012485763174427923,252.7268976242684,963.8873605673001,963.9080867804511,964.5265889198533,252.00511126765804,429.7108733185202,430.0095621948948,429.0978218951574,544154.5714357921,288.9141010647197
252.0,endurance,5003.609592449669,119663.13056391604,120000.0,5500.0,0.0012376404616043122,0.001250642611597834,0.0012541447614681511,0.0012341477119573376,251.17757773894675,965.2315928306641,957.6636711976045,965.9154519258532,254.44458868891397,428.62606021195137,430.83291955489705,430.0225869633898,544648.8140387043,287.6460872170949
253.0,endurance,4997.653215212474,119911.18048741111,120000.0,5500.0,0.0012360379652358597,0.001236299968831033,0.0012375325022759686,0.0012062135921803146,252.02787407505582,961.9346625529033,963.1174326316514,962.3180098587801,253.17290378302215,429.9409094587519,431.4004788150127,428.8575346533212,550646.3239327706,289.66965260408614
254.0,endurance,4995.6576150834135,119294.29117440067,120000.0,5500.0,0.0012514385108380486,0.0012225322207071346,0.0012520113213728239,0.001245142207898872,251.29625552412702,961.9761315158207,964.2304989104116,963.581969886613,253.8975810386623,429.65797174593104,429.15705808549836,430.1849932013446,536500.1929763285,290.73081308554754
255.0,endurance,5000.275576111144,119453.75937926554,120000.0,5500.0,0.001228538837867579,0.0012369482554466847,0.0012187822951176873,0.001257827276409676,254.29863671676486,961.1289407852247,963.0519760199485,966.6011169971247,253.5634934705994,428.6604751130012,427.5392909246251,428.0461467303067,548206.556052076,290.2115244581018
256.0,endurance,4993.564306169004,120348.25698545761,120000.0,5500.0,0.0012364476757774458,0.0012327242208429938,0.0012345044410427227,0.0012352014799890626,255.69421061831093,961.4084346194339,962.4791567380406,965.9039718183241,254.6520848825714,428.68822752129904,431.69654019538456,430.7454513484829,535018.7149651065,291.6859396880935
257.0,endurance,4992.697842134166,120337.05690149282,120000.0,5500.0,0.0012267606090079792,0.0012190375405954986,0.0012513434859322203,0.0012460775676494777,252.23897207852409,963.6545391646059,963.0724325445735,962.7627068758402,252.1090560767705,430.2355266886575,429.67935105342934,429.41569381208643,539540.829220033,289.6230182591887
258.0,endurance,4992.486734387822,119847.35537558424,120000.0,5500.0,0.0012287809178888115,0.0012566946642981415,0.0012291791349355484,0.001235351794594941,252.43384514870135,964.8522032527079,964.1893466771088,963.30620668107,255.30959481100527,429.6410288627205,429.97772644449424,432.36759980598924,537943.0704833545,290.8568053288032
259.0,endurance,5002.207908531681,119347.6709958407,120000.0,5500.0,0.0012332267622050625,0.0012511552724958,0.001223038177591207,0.001238611300389966,254.25351530159108,962.8036526698895,963.8050148145514,961.9484328333808,252.54736143094038,429.0468261211628,429.3082334306503,430.28371419334553,542731.5834190486,291.85654810790567
260.0,endurance,5002.736454599276,120138.02253785385,120000.0,5500.0,0.0012685560799559367,0.001239533345072591,0.0012309450499998105,0.0012427677321133223,250.23741888136212,964.2979911823182,965.9818601589184,964.5392026227875,252.7599498295448,429.5128809877745,430.13602313216694,430.8274700137632,540367.3572996303,289.488196748334
261.0,endurance,5005.397053299481,120109.10123447984,120000.0,5500.0,0.0012451368912835654,0.0012468481789167057,0.0012313725846486178,0.0012390786221208735,254.51267330132686,962.9656152553756,962.8847498254098,963.8725388928395,253.55499241652336,432.1826026001129,428.8567375861394,429.7998540886488,552381.4579863908,289.9388905043693
262.0,endurance,5001.909489570087,119280.8626212232,120000.0,5500.0,0.0012529402895936988,0.0012516860427800956,0.0012510609440778326,0.0012387256522148739,253.1475937974154,963.1523134622066,964.9747602424117,963.2601066401504,253.95274426518486,428.33656078988946,429.33711983558254,426.8348401341011,541651.4714732679,290.6730366203137
263.0,endurance,4998.755359391476,121170.58238500179,120000.0,5500.0,0.0012287372984720604,0.0012367999120982348,0.0012295737806829565,0.001234772332265212,251.48123380656511,960.3585184508496,961.3418323761266,967.3175356391815,252.91100398546718,430.56810231588844,428.4004642881165,429.5467718648696,545044.2650313836,289.7345919758028
264.0,endurance,4997.481169446091,119909.27677752358,120000.0,5500.0,0.0012412938722320486,0.0012512043216630529,0.001255801524106161,0.0012246745221894152,248.32138126651236,962.8979369221686,963.2877660932055,964.703302816186,254.2282000056355,428.9987501231203,431.70758517084363,429.914890641696,533582.5522754922,290.85712938230216
265.0,endurance,5001.394956317573,120144.13981005631,120000.0,5500.0,0.0012212851500761237,0.0012371706755546481,0.0012428785000466696,0.001239014974003482,253.77175419427104,965.7766996609977,966.3092641647087,965.7667111157593,253.02060904638245,431.36806315787805,429.91923359582546,430.50922780722937,541158.8191415098,288.5172737410248
266.0,endurance,4988.745196751533,120094.21252609396,120000.0,5500.0,0.0012325688899089452,0.0012408397639618231,0.001251947338992556,0.0012220637831565203,248.90323721574362,963.7965201725679,964.0058318891245,962.7374978023313,252.64574322986408,428.0767741962495,429.5739977447086,428.92109977763783,544512.1032782973,290.84496123697664
267.0,endurance,4997.250597115447,120208.31551562605,120000.0,5500.0,0.0012432016444507055,0.0012495516020740551,0.0012598308276249805,0.0012490633499514657,253.81851555883352,964.858676546478,962.4319001420126,963.2656669153014,253.51021659937138,430.8909036895662,430.9457094044003,431.91807298035445,536938.5810169616,289.86219987060025
268.0,endurance,4991.432457125063,119734.4740194352,120000.0,5500.0,0.0012206351585593489,0.0012553149976330333,0.0012502331303039709,0.0012276632810151223,253.0736050801842,964.7465035948082,966.7365463398788,964.9284255460946,253.29240693389337,429.5680631860785,430.28152808089914,429.9617590807539,539988.3237603193,288.6903040716176
269.0,endurance,5005.260176213411,119643.30475392792,120000.0,5500.0,0.0012375840554412997,0.0012507798572323281,0.0012402290140692876,0.0012549014360918804,250.17546199302188,964.7942383463673,960.6367437617488,960.2928318430447,252.12976880346127,429.77620570673474,428.98761177974166,428.28716735298036,548335.0992822844,288.94621723321643
270.0,endurance,4999.452573560178,120127.91353133318,120000.0,5500.0,0.0012350539207611093,0.0012453859864533284,0.001248549765374905,0.0012396610241854349,254.47477852878671,962.1003806578989,961.1716745357948,963.683354818175,252.2032456733311,430.03384288308075,429.55744470953726,429.1928946392566,545241.3522022142,290.4350979955463
271.0,endurance,4985.281193658396,119842.19449221517,120000.0,5500.0,0.0012426219572814956,0.0012469392720618965,0.001234164877515298,0.0012267242508705173,252.6503171969202,964.6311280259283,959.1787864889687,960.2848377576199,252.57945490493535,427.0800897253585,429.0623364904007,430.4749988085235,537057.2395570985,290.0379086478581
272.0,endurance,4995.581649873368,120210.43050546183,120000.0,5500.0,0.001248906353776223,0.0012569847948889705,0.0012418001376346757,0.0012538728036306794,253.1969351764592,962.3276311668093,966.2095314316664,962.0783265941322,253.33085454879753,432.0940735665841,430.5210609227858,428.8353172121361,543814.4695984091,289.34778511218803
273.0,endurance,4999.274011196109,119249.22222290977,120000.0,5500.0,0.001243562572460706,0.0012216620882020942,0.001245434317482678,0.0012454810492785252,254.0834845292754,967.712321813807,959.9676505286653,960.8869413546857,252.16578262541975,429.0883391038225,430.5318554458346,429.3184735140108,539419.0075202386,288.7716913031122
274.0,endurance,4996.846063970022,119779.91795849282,120000.0,5500.0,0.0012395525577538974,0.0012231127036559238,0.0012398930996509652,0.0012478523993073294,253.08769360239765,960.7780222653046,964.9036862932512,964.8706966045717,253.45773454862,428.42840787495686,428.18388621447093,429.69297590101166,537205.8058955544,288.56246606926834
275.0,endurance,5004.43865416092,120453.85168775811,120000.0,5500.0,0.001248803061361517,0.0012570729090342473,0.0012520239358594482,0.0012265076860155158,254.6846252107905,963.5077503430944,964.1516379945981,966.3993894826906,253.6021648628592,431.22644570092785,429.71104955330077,429.27372161491905,538813.4931974907,289.7630800654393
276.0,endurance,4991.5924950058015,119968.04479823413,120000.0,5500.0,0.0012393611525633712,0.0012342365000041935,0.0012131883978069877,0.0012142262832357917,253.80666122124225,961.3549903314404,966.010204674739,961.8418309756363,253.52033207331303,428.21028767440623,429.01709588768057,429.4347735873012,545244.8615225547,291.5807565233725
277.0,endurance,5004.811722878254,119274.14236312955,120000.0,5500.0,0.001240949214471763,0.0012387874781956978,0.0012329731036650996,0.001248169271363837,255.55547319363976,962.3593782556962,965.5070510874092,966.0645446745991,252.09969200516332,431.4301611622671,431.34357224083504,429.95232531403934,550899.0932645652,290.15162530573605
278.0,endurance,5005.765019308745,120325.9648938347,120000.0,5500.0,0.0012301810043425993,0.001244139045592881,0.0012388042487476492,0.0012347536301931595,250.09410257719315,961.7122684040759,960.8063431081415,965.5495199196001,251.20186201574938,429.73376603515334,429.04469044039604,428.40636137913117,545981.2347217344,289.10223904880206
279.0,endurance,5006.042725062881,119910.8588978329,120000.0,5500.0,0.0012450211519540698,0.0012392682779846342,0.0012489545476613545,0.0012525439062513325,251.5013899127639,963.2556328187748,966.792474417328,962.1247062666027,254.97298610867537,429.2628624718201,429.09858873306877,427.9682756188829,538108.9797140406,288.15733846066007
280.0,endurance,4997.141623830973,120346.05501130907,120000.0,5500.0,0.0012401218962165643,0.0012333946105665926,0.0012281319205412061,0.0012323455305451206,249.48985871106262,960.7321125086069,967.1674103201516,963.7534660990761,252.24516732800566,430.3275137158768,431.1565187582652,429.01805176055916,541808.0047979854,288.64343315577025
281.0,endurance,4992.019954780465,120689.67030253814,120000.0,5500.0,0.001283391537547647,0.0012316910147436542,0.001220700122747538,0.0012584895183629136,254.51521439234273,964.2243462893985,966.2178783310488,962.595084852942,253.43798787687464,430.4463165831411,429.3419728386649,430.1326690385583,541156.2838081261,290.3541659870536
282.0,endurance,5000.802274547747,119009.37027871529,120000.0,5500.0,0.0012419813394600162,0.001223107660663289,0.0012302813218435322,0.001220197145450491,254.0257057502578,962.6111707138531,962.4943188085273,965.760786638223,253.8697517647198,429.43838102836054,427.57218742880247,430.31248711531845,541008.4346280101,289.5320362592277
283.0,endurance,5003.656102962432,119682.83023598329,120000.0,5500.0,0.0012398082546958365,0.0012518523602560846,0.0012479280998713906,0.001233213355568194,255.30008132969266,965.5639028958384,967.046890195143,963.1591975473602,253.37426297685155,430.7073628747118,430.0949289687114,429.794175839793,541839.0450012546,289.59732711492813
284.0,endurance,4996.742570887992,119677.83713486652,120000.0,5500.0,0.0012459274701558827,0.0012371032385134991,0.0012233777165042562,0.0012415488420432495,255.71646438548532,965.9941144734673,959.2585993035843,961.5843627143395,253.94008024123826,429.73789508197024,429.7291768706058,429.52898670424406,542656.7533657765,288.8868908610417
285.0,endurance,5005.924310045455,119481.12392586532,120000.0,5500.0,0.0012391581936125938,0.0012599420610754923,0.0012543800362921909,0.0012408496250914502,252.3949945355446,962.0907669821609,962.2856628525169,962.8116631697345,254.50222734379724,429.23108654943127,430.22767543193146,430.0930615785814,544416.6519241491,289.63059598084135
286.0,endurance,5003.715198763525,120086.00598828489,120000.0,5500.0,0.0012422509018589867,0.0012352033904142207,0.0012144792908762906,0.0012500894173314604,253.9392957531876,962.3052689806682,962.9558995576812,963.8817456499088,252.21273528120918,430.38143416261073,430.3866182969107,430.5264796519611,547050.4588544635,288.0340101051124
287.0,endurance,5002.719682233738,119793.78857134568,120000.0,5500.0,0.0012549126296127748,0.001254259123498842,0.001251274051327914,0.001240184855727054,258.0195083778302,963.2232309108208,961.2556708086743,965.2612105632147,251.75294877127786,431.5975806186012,430.697977662059,431.0084024324669,547722.0911403982,290.3379559727908
288.0,endurance,4993.645168313399,119722.2119623283,120000.0,5500.0,0.0012483294548841207,0.0012389061657233163,0.0012459679433659253,0.0012329957413751617,250.92414499427863,963.9498690827847,964.8280233082214,963.3674055949364,252.23550074636904,428.04900784977264,431.70357895431664,428.56570948562614,538223.2112331641,289.216388810264
289.0,endurance,5004.619910760995,119642.76429731901,120000.0,5500.0,0.001248044626244478,0.0012449325936111663,0.0012272261374129876,0.0012432167718354123,250.03546007089022,963.0103142396234,964.7944798157514,962.8563997266554,252.28324785700738,429.2650726154298,429.49388603753664,430.00860387201584,531076.5776732622,288.08851646226367
290.0,endurance,5002.495845693153,119947.37407671356,120000.0,5500.0,0.0012411245437583221,0.0012435863062645925,0.0012389437594865374,0.0012353581918300733,252.61982759990107,964.5925726521596,963.943635925274,963.3078698245433,252.12661904772423,429.88546879883245,428.50699720328674,428.98598649170805,543062.6410953655,290.01058594319636
291.0,endurance,5005.379985656348,120433.15329838298,120000.0,5500.0,0.0012468026352845556,0.0012368399917682962,0.001240650818891117,0.0012378335985093962,255.81847799406296,964.1719832009105,961.9785732436789,961.5938078861815,254.3835824012498,428.79266797920167,430.01579812513404,429.8294091392701,547601.1361024334,289.0327722394801
292.0,endurance,5002.276195263651,120099.50398023117,120000.0,5500.0,0.0012506509053053876,0.001257544698777047,0.0012421452727334008,0.0012381464399194,254.13650512936627,960.4937785957853,963.6497615588337,961.3386667959949,251.97094625025935,428.09923231920885,428.0259472401078,430.4797686084596,546683.3531397164,290.0076632146876
293.0,endurance,5005.140913381357,120018.19126101893,120000.0,5500.0,0.0012348971129815232,0.0012277310850349109,0.0012503895811759615,0.0012509645424136223,254.9108583592292,961.7132559401318,962.7347755194279,960.6291031436974,254.30276621065843,430.3677147464141,430.17520724762744,429.65357286592973,541692.6099547936,289.55489218006625
294.0,endurance,5005.466520028887,119695.91765243268,120000.0,5500.0,0.0012519792165418086,0.0012446101058829393,0.0012287739725463098,0.0012233700161153188,250.89126889168358,963.2344780403305,960.7571678803278,964.5482422025942,254.30328474158927,430.2121470113957,428.0036043592016,427.35368536127396,546739.9321157965,291.3921246337787
295.0,endurance,4998.124023567344,120267.89852101255,120000.0,5500.0,0.0012378075450072276,0.0012332899779731172,0.0012533113023099167,0.0012343621287896503,254.1224765889495,966.719431101361,963.070501215994,967.0192189260137,251.8806215723487,430.5852937544662,429.6849955820366,432.21847687893484,542656.9263515566,289.13219809178776
296.0,endurance,5008.157581855727,119250.69799799094,120000.0,5500.0,0.0012465757492749858,0.0012317268260327236,0.001258137585237838,0.0012398511889458847,254.14367493801845,963.235202065789,961.1215343728485,959.0312417275151,254.95519894333427,429.9065051864828,428.52878913702193,429.36285428709147,547351.0443498059,288.4356201281331
297.0,endurance,5011.369699394066,119884.49743919601,120000.0,5500.0,0.0012365494694542057,0.0012569436676401877,0.0012436647593440026,0.0012286939279268448,254.2547344074673,964.1980404493443,965.5426815816079,961.4635448086119,252.05159375711577,430.29144828105916,429.23391599689927,427.5202840378631,539479.1915517636,290.53391214662395
298.0,endurance,4996.425368112393,120641.01571900125,120000.0,5500.0,0.0012347353208311184,0.0012397552947137909,0.0012208573648276064,0.001231040618412436,252.0334550430505,964.4314531145795,963.6512227824078,965.395060372155,250.99193622723658,429.68174760667716,429.51196065222206,428.61466975759515,542141.0115426913,289.15645358553456
299.0,endurance,5002.136684306156,119827.30857879501,120000.0,5500.0,0.0012471433440055895,0.001229605788261083,0.001256599488228988,0.0012458046671058299,255.96159805595815,963.0039201253293,962.2704357038785,963.5440404144731,252.6938688484722,428.6169190624674,429.67118808024964,429.59061912308454,539099.304021813,289.5159293158897
300.0,endurance,4995.132297928293,120072.24284766759,120000.0,5500.0,0.0012241992707445455,0.0012619342592793692,0.0012412615013646904,0.0012525976341693187,249.99434061538614,963.9622649164368,963.0065643368407,965.2403591616405,254.033955923161,428.0160293966888,430.8070950451579,428.1610590529575,549063.188940128,289.8472201557972
301.0,endurance,4994.007811763996,120353.8925571639,120000.0,5500.0,0.0012413633597971846,0.0012285526920289168,0.0012316884259327664,0.0012468226097333323,249.6524561695129,961.5450356344653,966.9888760133226,961.7329683210776,253.53213216864742,430.10502139015205,430.62041442498315,430.5390288476957,529687.9776232863,289.4139326002077
302.0,endurance,5005.9450806794175,119603.47981953183,120000.0,5500.0,0.0012635905740656303,0.0012439929364114484,0.0012256821337386582,0.0012479465513107655,256.31157409297225,961.9286416696274,964.3990473564048,961.500545741453,252.57492740338952,429.7737463540102,430.1750333108076,430.0137823908647,543427.4977584814,292.3245276592319
303.0,endurance,4994.570216267502,119065.98395671854,120000.0,5500.0,0.0012479173628154017,0.0012432717894563948,0.0012229995506621437,0.0012624640349752803,250.99730011402326,960.4437088575818,964.1306933983894,964.5741792535518,255.5371375793667,428.1154112941045,428.3777240860347,429.38494335471796,540169.4895870562,289.83101944699
304.0,endurance,4996.454664005681,119217.65835340963,120000.0,5500.0,0.001235351739786018,0.0012498115393068522,0.001250825254163757,0.0012327344575627916,253.49681359006257,964.118857903162,962.2902870687236,962.5779174037949,253.2134076416546,432.4838198876809,429.82944419889054,428.76647896328103,541580.3811202068,289.34512543841697
305.0,endurance,5005.784903101076,118913.41266791038,120000.0,5500.0,0.0012272696215857074,0.001251379321807371,0.0012462247289050073,0.0012413442870338697,253.87158349340348,960.6082076165338,964.0282922211185,960.9879541170147,251.87296574342636,430.1694059554152,428.8598183516153,429.3046469375754,545560.5163898862,288.8545578199264
306.0,endurance,5003.132907778531,121140.54126917032,120000.0,5500.0,0.0012385222857840752,0.001253065006873004,0.0012507098548128796,0.0012251459545701484,249.6622551984353,963.3068182776441,958.9858323492195,963.3880264697588,253.43588647739682,430.14463471603653,430.1258147801424,431.02026482241786,540747.9746356568,291.2827374367263
307.0,endurance,5002.772455892363,120276.21839957104,120000.0,5500.0,0.001239168614391287,0.0012531297811588674,0.0012316852289620125,0.0012502504918272229,254.7030272275398,961.9619006907578,961.3897626511314,961.7838760118727,253.14130122271027,430.0458225451025,430.56526435835127,431.59745117095514,550680.1450422537,290.2004670308299
308.0,endurance,4998.154363776532,119401.48052897015,120000.0,5500.0,0.0012515246397789986,0.001247675436679737,0.0012376597274428253,0.0012390981928527796,252.20999503043714,958.1003645459692,963.2055900139296,963.9800514220768,253.05824293512518,428.6029473698045,429.72633212422477,430.1649008565375,551580.5162779102,290.9961517082867
309.0,endurance,5003.12015032372,119985.56024098363,120000.0,5500.0,0.001224358424703578,0.0012352733019548858,0.0012239920968176961,0.001239878448850085,254.60589979923864,965.4425082193882,965.1542525050619,963.3632288458388,254.18825287572508,429.4047113763988,427.6970283296965,429.81938111431384,542662.0533941354,288.1591780465032
310.0,endurance,4997.435065198297,118773.14520566216,120000.0,5500.0,0.0012351830596579092,0.0012563822875437882,0.001233055055709739,0.0012576815754740825,252.908278367174,961.8187309975915,959.7218159787778,964.8399724828902,253.85767588479334,428.1737692569527,429.25154432490683,430.80048067678456,538682.859413043,290.3231223209485
311.0,endurance,4990.235360375165,119544.10316924173,120000.0,5500.0,0.0012502838183580268,0.0012262852912691355,0.0012230368475152388,0.0012236566861136445,251.67881138280063,960.1235748326245,963.0889299826234,964.4480086885335,254.73438557888755,429.272809855377,431.31353185587267,430.2465676384866,541338.402158476,290.4484682505972
312.0,endurance,5007.804978355174,120768.62543193037,120000.0,5500.0,0.0012506519452333414,0.0012399987384159815,0.0012516216523312301,0.0012438751757382586,252.78631109859606,963.8440650653598,966.9942132532539,960.8899290380264,253.1050914427585,428.57272827531716,430.55546361847996,430.80574289793435,549324.6710681616,289.56426585166366
313.0,endurance,5000.390018450767,120401.70783544466,120000.0,5500.0,0.0012434904397419352,0.0012448712306263943,0.0012436866256046414,0.0012446267141648128,252.22179361704457,964.2203012706569,960.3663952150564,962.4782656326396,251.84238706266098,429.595225516371,428.9438639111263,430.2276275539776,548867.394730589,288.67300784227854
314.0,endurance,4996.199753089539,120181.44768454912,120000.0,5500.0,0.0012593512194447223,0.0012509637984062549,0.0012468129560250243,0.0012405212240444539,251.56515279167243,964.1116750061798,964.3468564436246,963.6577081571274,252.60130712544748,428.06266553617377,428.8258078058152,429.3053479199808,536621.1820557906,290.2567735327542
315.0,endurance,4992.948521056028,119859.90924085965,120000.0,5500.0,0.0012456236795847073,0.0012514420136642722,0.0012442709222625118,0.0012563659417598847,251.25580668809215,961.7605531662169,965.529496612048,961.5502077597749,253.0295479824772,427.93241184984635,430.816985413433,430.40748164578,538687.2360715047,288.16154272552933
316.0,endurance,5001.408204388272,120150.32152397338,120000.0,5500.0,0.0012558130926776546,0.0012644211637777962,0.0012441372331726222,0.001238456385763202,251.97066162661787,962.7138383243738,960.5567262791691,961.5076915986696,253.0948132579544,428.01894396949683,428.35242332055276,430.9094125282661,539065.7366451458,290.73052507848297
317.0,endurance,5005.653556946535,120015.96807243471,120000.0,5500.0,0.0012515544679818583,0.0012389098021003899,0.0012302205283167222,0.0012398094650389194,252.58848075373155,963.5666422587248,963.4672131532055,962.525015907629,254.25616730352883,429.4820414626303,429.264245235186,430.61787823389244,537456.2567593828,289.9240236978319
318.0,endurance,5007.569542583391,120047.25607931825,120000.0,5500.0,0.001259005530139448,0.00123806676753276,0.0012349270487475282,0.0012392828767528795,251.34352482336288,962.6243124320534,962.4610476087074,964.9574624888071,253.59901495230307,429.483130900113,428.94131855098294,432.9194765724975,541538.2745749084,291.34897932941027
319.0,endurance,4994.278394115095,119648.37403281087,120000.0,5500.0,0.001256670855846757,0.0012276795202209167,0.0012280391111357052,0.0012406707580085437,251.01341952253227,962.7638378074342,963.6619090746868,965.0990518010295,253.3841754619449,429.9918797390338,431.02708251881796,431.11775896819086,540780.7681043168,288.0787978806379
320.0,endurance,4995.1423900759,120558.31077691355,120000.0,5500.0,0.0012354336026827594,0.001232577933785655,0.0012357838960087692,0.0012612428591849006,252.60188533870257,962.603000762153,961.9536121154674,961.1560581987954,256.0370566818577,429.6605661380037,429.851554436884,429.38125553083603,547934.2434483393,288.933065871984
321.0,endurance,4990.5791969651955,119732.97783665426,120000.0,5500.0,0.0012456246635281919,0.0012696286950373372,0.0012404939527754235,0.00123070206702185,252.03427026403352,961.7940065247298,961.7851265267393,963.5465813603768,253.50266556895406,429.03950920033463,430.8065528287059,429.62589533778214,543157.0920254604,289.4288032890818
322.0,endurance,5002.089805810165,120230.13360201761,120000.0,5500.0,0.0012497454515162547,0.001231296854686833,0.0012493739019204468,0.0012343922283464908,252.69758766310642,964.8729006191973,966.4226044503896,962.4742814108506,252.09687542083012,429.850273771055,430.9388482622277,429.37844087844184,554840.3288769132,288.05750058074796
323.0,endurance,5007.8372334386995,120614.39299294981,120000.0,5500.0,0.0012554417219189041,0.0012311949846472087,0.0012585405348654855,0.0012561879351505427,255.02838865810656,962.9326439195116,962.8993967285854,965.9959469482833,253.56796538752934,429.35019360615206,428.8748387506744,429.97951614398056,535815.3336532377,290.53865298690835
324.0,endurance,5001.0771404589095,119247.45435391506,120000.0,5500.0,0.0012472631464434275,0.0012566230991204305,0.001244701613309859,0.001224985427009616,251.29305238301205,965.0716599111632,960.7685175815728,962.6311635680811,254.36816159494737,429.4247983665774,429.1256739281763,430.52246999800934,550732.3096383322,290.35390800389507
325.0,endurance,4993.579186250735,119214.7722312278,120000.0,5500.0,0.0012383868957789967,0.0012189520945050034,0.0012404602023697046,0.0012528843401696205,247.14946368035308,963.0174186897027,964.0277833978363,962.2846212562391,253.60550047878868,430.21054016886234,430.76515614547395,432.4300076833311,544219.7531510126,289.0441978727977
326.0,endurance,4995.083094126659,119401.69459405453,120000.0,5500.0,0.001250393508970912,0.0012457552562980287,0.001247318861658803,0.0012439740988671806,255.71745827197446,965.578423274772,965.4135112772104,961.9991173412981,252.8831305539402,428.389686393301,429.047766614078,429.793708359999,536419.1747764874,289.30453236613374
327.0,endurance,5010.421619596308,119930.98310706139,120000.0,5500.0,0.0012226751120494712,0.0012258615718584507,0.0012403858762104342,0.0012520270206255982,252.31838756099717,965.1181297278445,964.0004480394061,961.1223165359811,254.24961896758165,429.24738220376435,431.6051009296118,429.11122411952005,541873.4212089336,289.39978871302515
328.0,endurance,4998.895246649955,120255.48823664364,120000.0,5500.0,0.0012391501756705869,0.001256336588130895,0.0012468443437874505,0.0012613283896829143,252.64707158284025,965.9849639879673,965.8070764738541,963.0937498147381,255.7758905242472,431.2392938082199,430.26425543011544,429.51640440775367,542246.0337356044,289.7897938109661
329.0,endurance,5001.751789638202,119461.20786220465,120000.0,5500.0,0.0012423898457329854,0.0012341456647537816,0.001262523314076674,0.0012513002328628647,255.90091479632574,968.2139039303598,964.3768550050277,967.477388725529,253.61287250213636,430.3657120542802,428.7771496502508,429.8155074006747,549938.1007189876,290.476914669989
330.0,endurance,4998.492216746633,120042.24294617398,120000.0,5500.0,0.001232635578207382,0.0012334475792317252,0.0012238920245910853,0.0012557145854761016,254.76080377015379,963.2093766251348,960.7278856608336,962.9496081265557,255.2618829675031,428.3972641686402,429.22691362694184,429.2602835053409,546766.8880505792,288.7004612294762
331.0,endurance,5001.719896317275,119625.51050988692,120000.0,5500.0,0.0012374076959427145,0.0012266821407830564,0.001248442393663838,0.0012357136301356278,251.36872334396014,965.6391714595735,964.1320698322207,968.1870643624402,253.66558985845862,429.82316165130396,429.8648775108902,432.50957739823684,549050.7506211277,289.69991366668455
332.0,endurance,5002.035648202357,119783.04329379143,120000.0,5500.0,0.0012502331962020276,0.0012356760003060453,0.0012349863407410606,0.0012474718140449213,255.2986169527838,965.1654372804898,964.9499222051642,963.5290347347312,250.81532022401325,429.572099707169,429.52908581211045,430.2761542335204,551587.3153478972,290.74554600372704
333.0,endurance,4991.628044838746,120051.26570579429,120000.0,5500.0,0.0012389036127959017,0.0012508282324468806,0.001241061182627348,0.0012179092101785884,250.72411014875794,962.7708725001411,959.2874291005692,963.1617832717756,252.93960893000656,430.80304146151946,429.6030800944919,429.09047639804686,542026.1457013933,289.97885184510005
334.0,endurance,5005.20344930692,119547.37776681276,120000.0,5500.0,0.0012133615007925468,0.0012761231640955756,0.0012510759780783487,0.0012420757160271588,257.40332528827673,961.0729727051283,961.7788894982226,962.4890141949473,253.70571255748084,429.2421037011569,430.49722511474505,429.3505938687441,549169.8077889024,290.4199941037992
335.0,endurance,4991.853880772732,120007.5345875854,120000.0,5500.0,0.001227123218658825,0.001239710985815555,0.0012414228876252071,0.001269589653181545,252.0105552707992,960.0911684767016,963.5731267771386,960.991845274742,255.05302620988465,430.413585120692,431.28915982824486,429.28843315108134,537234.1893542418,290.2315492875676
336.0,endurance,4993.192617483632,119526.78852471717,120000.0,5500.0,0.0012317268945708116,0.0012394560210790247,0.0012220873125934199,0.001215277573802734,255.36931721018905,962.2325754423722,962.9632578818657,964.5463270531735,253.63844371233782,429.0233426249858,429.23555279290207,431.33054108371266,548923.1179319633,290.6975594532501
337.0,endurance,5008.659266165143,119061.09011341033,120000.0,5500.0,0.0012430680036503222,0.0012379054102028557,0.0012171419405946245,0.001245734095235713,253.81004807572324,963.8994786516721,959.6883264427644,962.9310400526118,253.42842507924027,429.4647249660349,429.99553666090276,430.21888508508636,549862.9546869029,290.1951190674081
338.0,endurance,5013.715111762826,120140.41312972871,120000.0,5500.0,0.0012452406273117385,0.0012515076225239844,0.0012407325344283675,0.0012375645753368895,255.05653432132618,959.040450953248,959.7922201790954,967.6419502899498,253.97825787227154,430.2764461795857,430.0350357480073,430.01361742526757,537874.0977110678,289.68023395105814
339.0,endurance,4995.128143973316,120624.08155544382,120000.0,5500.0,0.0012498395572558827,0.001244828230468917,0.0012467230766024526,0.0012401273008730306,250.20080623697947,966.9026536826473,964.7525704516571,963.0737244198364,253.84089029419061,431.03137446199776,430.9382991781373,430.4101598638586,546961.4839077117,289.7466917069933
340.0,endurance,5007.302440122569,120524.7630965397,120000.0,5500.0,0.0012539169500266983,0.001225446198307565,0.0012500310321805186,0.001250350439479615,254.19738610688492,958.1298336879481,959.6092439234745,963.9932210193217,252.26599060775865,430.1214201444583,429.6320806640617,430.60279578162624,539814.1463291297,288.87506951790914
341.0,endurance,5002.981050178597,119888.19464107222,120000.0,5500.0,0.0012266819976197887,0.0012164203317261504,0.0012814788262803603,0.0012369580441858102,252.00917131502152,959.3519686429182,961.2844548835883,963.0425855815677,253.54231069335762,430.50043968676465,428.93516460277755,430.19573001910754,548477.1079859142,289.4194959372114
342.0,endurance,4999.863972825107,119096.65979849335,120000.0,5500.0,0.0012310059726089767,0.0012238113874542243,0.0012499312901303108,0.0012390823701535522,255.7501205383453,963.7451176170264,965.0023937516901,964.4175616540061,253.41270645332295,428.5986311106443,431.40073705068244,429.6072612459844,533105.8165421477,289.3503409689801
343.0,endurance,4994.545668352854,120628.39861283518,120000.0,5500.0,0.0012548268888223427,0.0012610017386111155,0.001269375965950132,0.0012331367767624446,248.5968697343088,961.4224408207474,964.2062996556191,957.7786061063949,252.58350194480022,430.571873415278,428.82085331250465,429.57644467365685,537880.6366478082,291.75066476471363
344.0,endurance,5010.307396868029,119496.83042607504,120000.0,5500.0,0.0012305794498292588,0.0012431689926411431,0.001250485515295363,0.001247155794367629,253.89496183330488,965.480745814825,965.9625858456334,967.377297492771,253.46471519155222,429.29748927872265,429.7169689135734,432.11386749604,547457.7578310824,290.7964915105177
345.0,endurance,5007.78062084323,120722.25397889716,120000.0,5500.0,0.0012733279109770083,0.0012325604090237072,0.0012455634352147606,0.0012526799543643463,254.4376993545718,962.800608881894,960.2236907918391,963.0277272283157,252.59894841475614,429.70140675560947,430.95416886105966,430.53609599566323,537152.7238716062,289.26639852140033
346.0,endurance,5001.727646696717,120662.91506982748,120000.0,5500.0,0.0012417796840550968,0.0012453955955376002,0.0012229910535159001,0.0012361593674227668,250.99902753574017,963.9253956686773,962.9358179604552,961.663630942838,252.13240511109666,429.9701055214615,429.0693850304909,430.9242593967053,543555.9757048483,289.7023823694326
347.0,endurance,5005.104612729969,119416.1279910678,120000.0,5500.0,0.001253548120402817,0.0012324565939740224,0.0012510747172599659,0.0012329055097921337,250.5567435715747,959.5605545872713,963.473368837949,964.3840437308778,251.76098846695376,431.54787528034234,429.6880034500739,428.5323708238325,552731.2281581325,289.5226435805348
348.0,endurance,5007.799090070842,118559.48734172556,120000.0,5500.0,0.0012691251988621681,0.0012438392444543813,0.0012413225730387016,0.0012455034048567692,250.0813005205618,965.2676994823819,964.2587618557609,964.0112862217474,252.60592846164084,428.4848690553843,430.0634921804353,430.5390118096765,543231.9214566514,289.7246458273959
349.0,endurance,4997.459510687396,120385.64997445053,120000.0,5500.0,0.0012598962017503304,0.0012392815756608587,0.0012302895143731607,0.0012728624030672838,249.24175527158533,963.863745608554,963.1163351880367,966.0396347216824,253.04551606733796,427.96671895822345,428.51113420089774,429.79564748233133,542366.8359951857,289.24268408418413
350.0,endurance,4997.241936363867,119207.3987578183,120000.0,5500.0,0.001222239661967329,0.0012331620839687505,0.0012323939604784284,0.00123941231683477,250.0242979072569,966.5582413383952,959.714133371474,965.1288316363988,253.76135121003182,431.3272473887363,431.12285540155654,428.33807658152216,544405.2679316464,290.7335006669214
351.0,endurance,5005.108510792491,120291.24596878464,120000.0,5500.0,0.0012342598132462218,0.0012580781706637764,0.0012400778507995346,0.0012353767170150674,252.90453875479173,962.4768166917822,962.0226881649455,963.650948494463,255.93209245642552,430.05325806477026,429.8073244857391,429.26215508992794,544499.0267082728,288.75482281025165
352.0,endurance,5002.849830636321,120173.77894567851,120000.0,5500.0,0.0012428812790938248,0.0012478288761041637,0.0012392408062873086,0.0012502325452278232,253.6468830130827,964.5635228162744,963.4231571643753,965.2272226742905,253.04436267116725,431.0499682411059,429.6133082389877,431.0390138875495,544018.6668219354,289.94131105973474
353.0,endurance,4995.205129477845,120360.82125164458,120000.0,5500.0,0.001246368505677456,0.0012424042472889783,0.0012470031614871622,0.0012435011677700124,250.66913720418333,961.0109309142093,964.7189997523376,963.7962403089073,254.79696513263823,431.79699772917365,430.5823366653969,430.3891882651173,545641.1155748788,290.0847282287091
354.0,endurance,4997.113679432873,118690.12635270237,120000.0,5500.0,0.001251571592855887,0.0012493337533873512,0.0012422809258910612,0.0012435022409541712,254.54911713013783,965.3117131835535,963.8266003542583,962.922000552427,253.85562885951032,430.5559695622909,432.00131314486504,428.80274761350756,545298.1293739105,289.0758525017379
355.0,endurance,4998.062936657197,121243.46105332527,120000.0,5500.0,0.0012365758762176427,0.0012402567630466878,0.0012345043396187667,0.0012528280718754193,251.69344120700245,960.0090467777046,963.7162604968357,965.122147005069,253.20942080483545,429.89186672403434,429.0136497069731,428.7646389105471,542727.4423014019,288.80359435560337
356.0,endurance,4998.071607740123,119524.83452094097,120000.0,5500.0,0.0012386809227501018,0.0012517968920198845,0.0012412077547234205,0.0012560877300612317,253.27008174689416,963.1212416796543,961.5240831858742,963.5933986912471,252.0196864906027,430.48742834008556,428.3265738531008,428.2765566427551,538202.8371971294,288.2278906099017
357.0,endurance,5000.777772984589,119625.69626217578,120000.0,5500.0,0.0012355528525422224,0.0012493197104007589,0.0012132615906743863,0.001238261266521064,253.21759980049868,965.4557812214276,963.6307032021293,961.980774681904,254.1615516933373,430.6507351953095,431.973593283557,431.9097556259761,541509.8401202706,291.35257028255296
358.0,endurance,5001.301595872758,119499.28084845154,120000.0,5500.0,0.0012504336918746151,0.0012580989133630113,0.0012114758211698986,0.0012584075060810148,250.78556720220797,966.6664844051414,963.8479954323969,963.6718419962029,254.63911839114067,429.3589940747636,431.8486938820129,428.7124822399374,539479.3161886992,288.8261643180127
359.0,endurance,5002.972857983727,119983.33245606412,120000.0,5500.0,0.0012515430782959328,0.001255301955100646,0.0012514602185210485,0.0012550663566828252,254.70716529452014,963.1606012360569,961.8142045241574,961.3107740425843,253.95226929412877,429.1337238409363,428.6808326360051,428.8124518115966,541312.3927891997,290.1501849147776
360.0,endurance,4998.761431572561,119477.13619900098,120000.0,5500.0,0.0012478500453780206,0.0012125186133536128,0.001236752647793365,0.0012540427754689912,252.93004094781068,965.6919566891272,963.4612328387475,964.4309188654089,253.18718411067908,429.1967427681973,430.02323815422983,430.6288847248478,532122.2784518137,289.03640309414993
